#pragma once
#include "epdiy.h"
/*
Created with
 C:\Users\Ivo\aura_kruecke\.pio\libdeps\t5_epaper_s3_pro\epdiy\scripts\fontconvert.py ArialBold28 28 C:\Windows\Fonts\arialbd.ttf --compress --string  !"#$%&'()*+,-./0123456789:;<=>?@ABCDEFGHIJKLMNOPQRSTUVWXYZ[\]^_abcdefghijklmnopqrstuvwxyz{|}~
As 'ArialBold28' with available 94 characters
 !"#$%&'()*+,-./0123456789:;<=>?@ABCDEFGHIJKLMNOPQRSTUVWXYZ[\]^_abcdefghijklmnopqrstuvwxyz{|}~
*/
const uint8_t ArialBold28_Bitmaps[17123] = {
    0x78, 0x9C, 0x03, 0x00, 0x00, 0x00, 0x00, 0x01, 0x78, 0x9C, 0x95, 0xCC, 0x51, 0x0D, 0x82, 0x60,
    0x00, 0x45, 0xE1, 0x8B, 0x63, 0xA8, 0x4C, 0x66, 0x05, 0x1A, 0x18, 0x41, 0x23, 0xD8, 0xC0, 0x08,
    0x10, 0x81, 0x06, 0x46, 0x90, 0x08, 0x36, 0x30, 0x02, 0x46, 0xB0, 0x81, 0x0E, 0xA7, 0xC2, 0xF8,
    0xDD, 0xF1, 0xF2, 0xEA, 0x93, 0x9E, 0x87, 0xEF, 0xF1, 0x04, 0x20, 0x0B, 0xFF, 0x30, 0x98, 0x45,
    0x6F, 0xD2, 0xCE, 0xCC, 0x9F, 0x66, 0xFA, 0x30, 0xC9, 0xDD, 0xC4, 0xAD, 0x99, 0xDC, 0x4C, 0x74,
    0x31, 0x3A, 0xC3, 0x55, 0x47, 0x68, 0x54, 0xC3, 0x49, 0x15, 0x1C, 0x54, 0xC2, 0x5E, 0x5B, 0x28,
    0xB4, 0x81, 0x9D, 0x72, 0x58, 0x4B, 0xB0, 0x1A, 0x59, 0x4A, 0xEF, 0x91, 0x40, 0xA6, 0xAF, 0x5E,
    0xFE, 0xCD, 0x7E, 0xE0, 0x03, 0x98, 0xC5, 0x8C, 0x76, 0x78, 0x9C, 0xFB, 0xFB, 0xFF, 0xFF, 0x7F,
    0x5E, 0x86, 0x8F, 0x40, 0x72, 0xFE, 0x5F, 0x8A, 0x99, 0x7F, 0x80, 0x04, 0x0F, 0xC3, 0x07, 0x20,
    0xD9, 0xFF, 0x13, 0x48, 0x70, 0x32, 0x1C, 0x00, 0x92, 0xF9, 0xDF, 0x80, 0x04, 0x3B, 0xC3, 0x04,
    0x20, 0x69, 0xFF, 0x19, 0x48, 0xB0, 0x30, 0x24, 0x00, 0x49, 0x7E, 0x90, 0x2A, 0x46, 0x06, 0x03,
    0x20, 0xC9, 0x07, 0x52, 0xC5, 0xC0, 0xC0, 0x00, 0x24, 0xB9, 0x81, 0xAA, 0xCE, 0x03, 0x99, 0x40,
    0x33, 0x39, 0x80, 0xAA, 0xE6, 0x03, 0x99, 0xBF, 0xFE, 0xFF, 0x67, 0x03, 0x00, 0xA6, 0xEB, 0x76,
    0x28, 0x78, 0x9C, 0xBD, 0x92, 0xEB, 0x91, 0x01, 0x71, 0x10, 0xC4, 0xDB, 0xF3, 0x3C, 0x8B, 0x10,
    0x64, 0x70, 0x32, 0x20, 0x03, 0x32, 0x20, 0x83, 0x0B, 0x81, 0x10, 0x64, 0x20, 0x04, 0x32, 0x20,
    0x04, 0x19, 0xDC, 0x65, 0x60, 0x6B, 0xDD, 0x79, 0xD3, 0x37, 0x7A, 0xFC, 0xD7, 0xFA, 0xAE, 0xCC,
    0x97, 0xAD, 0xDF, 0x56, 0x4D, 0x6F, 0xF7, 0xF4, 0x02, 0x36, 0xBF, 0x64, 0x03, 0x98, 0x93, 0xDF,
    0xD0, 0xEC, 0xC9, 0x3A, 0x10, 0x91, 0x53, 0xE7, 0x13, 0x59, 0x01, 0x62, 0xF2, 0xCB, 0xF9, 0x4A,
    0x16, 0x81, 0x3F, 0xB2, 0x23, 0x6C, 0x92, 0xCC, 0x69, 0xAB, 0x21, 0xEE, 0x1B, 0xDB, 0xE3, 0x4C,
    0xD6, 0xC4, 0x63, 0x17, 0xB6, 0xB7, 0x65, 0xF1, 0x5C, 0xC2, 0x2D, 0xE3, 0x82, 0x38, 0x92, 0xF0,
    0x6D, 0x2B, 0x2B, 0x8E, 0x25, 0x3C, 0x76, 0x15, 0xE8, 0x43, 0x26, 0xBC, 0x24, 0x17, 0xC0, 0x8E,
    0x4F, 0x33, 0x7D, 0x35, 0x43, 0x1F, 0xBA, 0xDB, 0xCB, 0x07, 0x7B, 0x03, 0x60, 0x68, 0x9C, 0x11,
    0x6F, 0xC8, 0x4F, 0x60, 0x92, 0x5C, 0x6B, 0x1B, 0xEC, 0xCD, 0x9C, 0x8F, 0x64, 0x55, 0x5B, 0x23,
    0xE7, 0x0B, 0x59, 0xD2, 0x96, 0x5F, 0x0B, 0x9E, 0x7B, 0x1B, 0xAE, 0xD5, 0x75, 0xE1, 0x83, 0x6E,
    0xFE, 0x86, 0x7C, 0xA7, 0x60, 0xEF, 0x51, 0xE6, 0x47, 0x08, 0x75, 0x2F, 0x33, 0x9F, 0xB2, 0xD7,
    0x4F, 0xEC, 0x3D, 0x95, 0xE9, 0xA1, 0xBC, 0xCC, 0x59, 0x12, 0xCA, 0xE6, 0x47, 0xB9, 0xDB, 0x4C,
    0x95, 0xD9, 0xD3, 0xF5, 0xD6, 0xE9, 0x32, 0x27, 0x2A, 0xF3, 0x36, 0x9E, 0x7B, 0x95, 0x5C, 0xEB,
    0xAC, 0x7F, 0x2D, 0xD2, 0x96, 0xCD, 0x3F, 0x1E, 0x2A, 0x79, 0xE6, 0x78, 0x9C, 0x9D, 0x92, 0xAF,
    0x4E, 0x03, 0x41, 0x10, 0xC6, 0xA7, 0x17, 0x0A, 0x07, 0x01, 0xDA, 0x47, 0xE8, 0x1B, 0x14, 0x4B,
    0x10, 0x54, 0x21, 0x81, 0x04, 0x85, 0x2A, 0x6F, 0xD0, 0x7A, 0x44, 0x9B, 0x3E, 0x40, 0xC1, 0x21,
    0x30, 0xBC, 0x41, 0x49, 0x30, 0x38, 0x10, 0x18, 0x5C, 0xD1, 0x88, 0x03, 0x8D, 0xB8, 0x84, 0x52,
    0xD2, 0x50, 0xEE, 0xA6, 0xF3, 0xED, 0xEC, 0x3F, 0x04, 0x08, 0x46, 0xDC, 0xDE, 0x2F, 0x3B, 0x3B,
    0x3B, 0xFB, 0x7D, 0x43, 0x84, 0x78, 0xE7, 0x1A, 0x45, 0xF1, 0x17, 0x6E, 0x3D, 0x32, 0xE7, 0xA7,
    0x89, 0xA5, 0x56, 0xC1, 0x88, 0x3B, 0xCB, 0x5F, 0xAC, 0xD1, 0x31, 0x74, 0xCF, 0x2E, 0x56, 0xE2,
    0x4D, 0xE6, 0x03, 0xA1, 0x43, 0x4F, 0x9C, 0x0B, 0x8E, 0x51, 0x65, 0xCA, 0xED, 0x52, 0xB3, 0x3F,
    0x64, 0x59, 0x95, 0x7B, 0x27, 0xB2, 0x6E, 0x10, 0xCD, 0x98, 0x33, 0xB4, 0xD1, 0x17, 0x6C, 0x12,
    0xCD, 0x99, 0x7B, 0xC0, 0xBA, 0x5E, 0x55, 0xA0, 0x22, 0x9A, 0x7C, 0xBE, 0xDC, 0x4B, 0x22, 0xD4,
    0x10, 0x3C, 0x8B, 0x50, 0xCE, 0xE6, 0x95, 0x80, 0x52, 0x99, 0xD7, 0x03, 0xE2, 0xDE, 0x7C, 0xE6,
    0x71, 0xAC, 0x0D, 0x3A, 0x3C, 0x51, 0x1C, 0x55, 0x2D, 0x7F, 0xDB, 0x07, 0x6C, 0x2B, 0x3E, 0xB9,
    0x07, 0xED, 0x18, 0x6C, 0x14, 0x8E, 0x53, 0xC3, 0xE7, 0x0E, 0x47, 0x9A, 0x7E, 0xF3, 0x73, 0x9B,
    0x06, 0xA5, 0xE2, 0xAE, 0x97, 0x3D, 0xCE, 0x16, 0xEC, 0x98, 0x82, 0x15, 0x6F, 0x8A, 0x69, 0xA7,
    0x1A, 0x3C, 0x9A, 0x86, 0x5A, 0xC0, 0x6B, 0x68, 0x18, 0x10, 0xD9, 0x6B, 0xF5, 0xA3, 0x8B, 0xB7,
    0xD4, 0x60, 0x0B, 0xBB, 0x2F, 0x46, 0x5E, 0x20, 0xEC, 0x48, 0x71, 0xA2, 0x6D, 0x10, 0xBD, 0x2E,
    0x77, 0x8D, 0x37, 0xC0, 0x57, 0xF9, 0x4B, 0xA0, 0xB6, 0x6A, 0x35, 0x87, 0x1D, 0xF8, 0x72, 0xF6,
    0xC9, 0xB5, 0x07, 0x75, 0x61, 0x12, 0x0C, 0xE5, 0x4D, 0xA2, 0xAB, 0x08, 0x97, 0x22, 0xAD, 0x60,
    0x5D, 0xAC, 0x95, 0xCE, 0x86, 0x1F, 0x8E, 0x7D, 0x3B, 0x57, 0x9A, 0x3E, 0x74, 0x53, 0xD7, 0xB8,
    0x2D, 0x39, 0x3B, 0xFE, 0x6D, 0x26, 0xFF, 0x8B, 0x0B, 0xED, 0xE0, 0x6F, 0x6B, 0x78, 0x9C, 0x6D,
    0x93, 0xCF, 0x55, 0xC2, 0x40, 0x10, 0xC6, 0x47, 0x01, 0x45, 0x09, 0x6A, 0x05, 0x92, 0x02, 0x7C,
    0x4F, 0x3B, 0xD0, 0x2B, 0x27, 0xED, 0xC0, 0x12, 0x2C, 0x41, 0x3A, 0x80, 0x0E, 0xB0, 0x03, 0xED,
    0x40, 0x6E, 0x7A, 0xD3, 0xF7, 0xBC, 0x0B, 0x1D, 0x44, 0x51, 0xE4, 0x8F, 0x98, 0x8F, 0xC9, 0xCC,
    0x64, 0x37, 0x59, 0x33, 0x87, 0xB0, 0x33, 0x6C, 0x7E, 0x99, 0xFD, 0xE6, 0x5B, 0xA2, 0xF8, 0x39,
    0x7D, 0xEF, 0x92, 0xC5, 0x15, 0x70, 0x63, 0xCB, 0x25, 0x38, 0x4E, 0x2C, 0x79, 0x05, 0xDA, 0xBA,
    0x7A, 0xC8, 0xCA, 0x48, 0x6A, 0x9A, 0xCD, 0x80, 0x9D, 0xC2, 0x76, 0xE0, 0x58, 0xB3, 0x35, 0x12,
    0x5D, 0x9C, 0x69, 0x19, 0x43, 0xC9, 0x2E, 0x1C, 0x7E, 0xC0, 0x8C, 0xC6, 0x1B, 0xFF, 0x21, 0xD9,
    0x08, 0x38, 0xD0, 0xFA, 0x47, 0xB6, 0x23, 0xE6, 0x7A, 0x3D, 0xCB, 0xBE, 0x81, 0x5D, 0xAD, 0x4F,
    0x81, 0x43, 0xA2, 0x3F, 0xA0, 0x59, 0xC2, 0x67, 0x0D, 0x70, 0x63, 0x2B, 0x60, 0x5F, 0xF1, 0xB7,
    0x56, 0xFF, 0x01, 0x22, 0xA2, 0x85, 0x3C, 0x0B, 0x78, 0x9A, 0x03, 0x2D, 0xA9, 0xB7, 0x15, 0xDF,
    0x0C, 0xEB, 0x91, 0xE0, 0xB1, 0x55, 0xC1, 0xE1, 0xB3, 0xF4, 0xA9, 0xE2, 0xBB, 0x2C, 0x49, 0x27,
    0xAF, 0x17, 0xFB, 0xFC, 0xF2, 0xF8, 0xD2, 0xB9, 0x7E, 0x3D, 0x9E, 0xEE, 0x4C, 0x87, 0x44, 0xF0,
    0xC3, 0xBC, 0xEC, 0x74, 0xEB, 0x97, 0xF1, 0x45, 0x9D, 0x19, 0xBF, 0xE7, 0xEB, 0x23, 0x37, 0x17,
    0x6E, 0x6A, 0x9B, 0x82, 0x17, 0x78, 0x8E, 0x71, 0x11, 0xCF, 0x11, 0x3F, 0xA5, 0xE3, 0xAE, 0x76,
    0x70, 0x4A, 0x15, 0x31, 0x55, 0x4D, 0xFF, 0x85, 0xE2, 0xF9, 0x6D, 0xEF, 0x1A, 0xC1, 0x01, 0xF7,
    0x24, 0x4A, 0x79, 0xD7, 0xD8, 0x01, 0xCF, 0x43, 0xD7, 0x18, 0xBE, 0x15, 0xBA, 0xC6, 0xDA, 0xAD,
    0x05, 0xAE, 0x31, 0xFC, 0xA3, 0xB8, 0x06, 0xDE, 0x35, 0x59, 0x0C, 0x04, 0x3F, 0xC9, 0xD5, 0x6D,
    0xE4, 0xF5, 0x4F, 0xC1, 0x4F, 0x45, 0xBA, 0x75, 0x61, 0x0E, 0x4B, 0x99, 0xC0, 0x4C, 0x0C, 0xB1,
    0x92, 0x3D, 0x12, 0x47, 0xC0, 0x0B, 0x05, 0xAE, 0x31, 0xFC, 0x25, 0x89, 0x3B, 0x22, 0xE7, 0x1A,
    0xC3, 0x47, 0x14, 0xB8, 0x89, 0xF4, 0xF8, 0xF5, 0x0A, 0x0E, 0xE3, 0xC7, 0xD9, 0x6F, 0xF8, 0xDD,
    0x1E, 0x70, 0x6D, 0x62, 0x74, 0xBC, 0xBB, 0x05, 0x2F, 0xC4, 0xF0, 0x5C, 0x0B, 0x5B, 0x05, 0x3A,
    0xE4, 0xF8, 0x50, 0xB7, 0x9E, 0xBB, 0x6E, 0x65, 0x9D, 0x27, 0xC1, 0x6D, 0x86, 0xCD, 0x65, 0xEE,
    0x6E, 0x73, 0x79, 0x8E, 0xA9, 0xBB, 0x6E, 0xCE, 0x35, 0x1B, 0x05, 0x41, 0x90, 0x6E, 0x78, 0x9C,
    0x65, 0x92, 0x3D, 0x4E, 0x03, 0x41, 0x0C, 0x85, 0xBD, 0x89, 0x08, 0x41, 0x01, 0xB4, 0x3D, 0x42,
    0xA4, 0x01, 0x09, 0x09, 0x89, 0x3D, 0x00, 0x12, 0x39, 0x01, 0x84, 0x13, 0xB0, 0xE2, 0x02, 0x50,
    0x50, 0x51, 0x00, 0x0D, 0x2D, 0xE1, 0x00, 0x91, 0x82, 0x38, 0x00, 0x94, 0x94, 0x89, 0xB8, 0x40,
    0x0A, 0x7A, 0x22, 0x2A, 0x1A, 0x60, 0x41, 0x6C, 0xC2, 0x5F, 0xB2, 0x83, 0xBD, 0xF6, 0x18, 0x07,
    0x2C, 0x65, 0x3D, 0xF3, 0x65, 0x66, 0x3C, 0xEF, 0x79, 0x00, 0x28, 0x4E, 0x1E, 0xDD, 0xDD, 0x41,
    0x01, 0x6C, 0x3C, 0x38, 0x8A, 0xB6, 0x85, 0x37, 0x8E, 0x63, 0xF7, 0x17, 0x85, 0x23, 0x61, 0xAE,
    0xA4, 0xAC, 0xE3, 0x91, 0x5B, 0x57, 0xD6, 0x57, 0xD6, 0x55, 0x36, 0xC4, 0xD9, 0x61, 0x61, 0x2B,
    0xC3, 0x54, 0xF4, 0x8C, 0x56, 0x60, 0xC9, 0x7B, 0x4C, 0x65, 0x41, 0x55, 0x1C, 0x5F, 0x61, 0x8E,
    0x31, 0x57, 0x84, 0x45, 0x38, 0x6E, 0x49, 0x9E, 0x36, 0xEB, 0x7A, 0x98, 0xEB, 0x86, 0x41, 0xC6,
    0x37, 0xA3, 0x2B, 0x4D, 0x79, 0xF6, 0x85, 0x93, 0x55, 0x80, 0x4F, 0x4C, 0x13, 0x9E, 0xBD, 0xD1,
    0xE6, 0xE0, 0x1C, 0xBF, 0xC9, 0xB8, 0x8E, 0x35, 0x12, 0xB8, 0xAD, 0x2C, 0x52, 0x1D, 0x7A, 0x1C,
    0xC0, 0x87, 0xA0, 0x96, 0xF1, 0xCA, 0x9B, 0x30, 0x69, 0x58, 0x8D, 0xD1, 0x86, 0x41, 0xB2, 0xB7,
    0x1D, 0x18, 0x74, 0xCB, 0xCB, 0xDA, 0x06, 0xC5, 0xBE, 0x6A, 0xF9, 0xEF, 0x4E, 0x8C, 0xCD, 0xFF,
    0xCB, 0x5C, 0x12, 0xC0, 0xA0, 0xB9, 0xE8, 0x95, 0xB9, 0x95, 0xFC, 0x5B, 0x81, 0x6F, 0xE7, 0x2E,
    0x91, 0x91, 0xA6, 0x06, 0xAF, 0x6E, 0x84, 0x6C, 0x6F, 0x5D, 0x4E, 0x27, 0x57, 0xDC, 0x3E, 0x6B,
    0xEE, 0x88, 0xA3, 0xB9, 0x96, 0x67, 0xFC, 0x2D, 0x00, 0xBC, 0x48, 0xC1, 0x30, 0x93, 0x4A, 0xD8,
    0x92, 0x14, 0xD3, 0xAC, 0xD6, 0x62, 0x5B, 0xFB, 0xBE, 0x0B, 0x72, 0x27, 0x3A, 0x67, 0xA0, 0x1D,
    0xCC, 0xAB, 0xE4, 0xB6, 0x12, 0x9B, 0x31, 0x8E, 0xD1, 0xFF, 0x29, 0x37, 0x48, 0xAB, 0xCC, 0xE3,
    0xE8, 0x55, 0x1D, 0x39, 0x63, 0x81, 0x45, 0xD9, 0x41, 0x7D, 0xA8, 0xC9, 0x2B, 0x3C, 0x12, 0x1D,
    0xBD, 0x25, 0xD8, 0x19, 0x7A, 0x2B, 0xE6, 0x58, 0xEF, 0x78, 0x94, 0xF4, 0xAE, 0x96, 0xC5, 0x66,
    0x76, 0xEA, 0xD8, 0x18, 0x78, 0x57, 0xD4, 0x2D, 0xA4, 0x72, 0xDB, 0x9A, 0x57, 0x8F, 0x96, 0x55,
    0x47, 0xF9, 0x93, 0x05, 0xD8, 0x13, 0xB8, 0x8C, 0xE3, 0x63, 0xDF, 0x95, 0xE8, 0xFA, 0xC9, 0x25,
    0x4D, 0x7E, 0x67, 0x17, 0xE8, 0xEF, 0x0F, 0x6A, 0xB2, 0xBF, 0xA3, 0x78, 0x9C, 0xFB, 0xF6, 0xFF,
    0xFF, 0x7F, 0xFF, 0x6F, 0x78, 0x89, 0xAF, 0x40, 0xC2, 0xFE, 0x13, 0x90, 0xE0, 0xFF, 0x00, 0x24,
    0xF8, 0x0E, 0x00, 0x09, 0xEE, 0x06, 0x20, 0xC1, 0x11, 0x00, 0x24, 0xD8, 0x14, 0x80, 0x04, 0x33,
    0x03, 0x90, 0x60, 0x00, 0x00, 0x48, 0xB6, 0x3A, 0xB6, 0x78, 0x9C, 0x35, 0x90, 0xE9, 0x11, 0x41,
    0x41, 0x10, 0x84, 0xC7, 0x55, 0xCE, 0x42, 0x06, 0x64, 0x40, 0x06, 0x84, 0x20, 0x03, 0x32, 0x10,
    0x0A, 0x19, 0x90, 0x01, 0x19, 0x90, 0xC1, 0x93, 0x01, 0x19, 0xB8, 0xEF, 0xA3, 0xF5, 0xEC, 0xF6,
    0xFB, 0xF5, 0x55, 0xED, 0x4E, 0x77, 0x4F, 0x8F, 0x99, 0xD9, 0x15, 0xC8, 0x11, 0xCD, 0x1F, 0x12,
    0xC2, 0xE6, 0xC0, 0xD0, 0x79, 0x06, 0xEA, 0xCE, 0x0F, 0x50, 0x22, 0x06, 0x00, 0x32, 0xE4, 0x06,
    0x58, 0x59, 0x54, 0x85, 0xB1, 0x2F, 0xD0, 0x20, 0xFA, 0xFC, 0x2E, 0x93, 0x4B, 0x32, 0x4F, 0x1E,
    0x81, 0xBD, 0x7F, 0xDF, 0x81, 0x85, 0x5C, 0xC6, 0x44, 0x9B, 0xDF, 0x2D, 0x72, 0x84, 0xE8, 0xCE,
    0x30, 0x54, 0xC8, 0x1D, 0x59, 0x24, 0x4F, 0x64, 0x21, 0xBA, 0x23, 0x1B, 0xE5, 0x70, 0xF9, 0x53,
    0x7C, 0x03, 0x5B, 0xA5, 0x26, 0x62, 0xD8, 0xE6, 0x27, 0x42, 0x71, 0x29, 0xD3, 0xF7, 0x74, 0xFE,
    0x23, 0xBE, 0xE4, 0xF3, 0x90, 0xEF, 0x4D, 0xED, 0x58, 0x3A, 0x1C, 0xE3, 0xA0, 0x3D, 0xD6, 0x88,
    0xED, 0xA7, 0x64, 0x55, 0x35, 0xEB, 0x0A, 0xE8, 0x68, 0xA1, 0xA1, 0xCE, 0x31, 0xB3, 0x28, 0x0C,
    0xBD, 0xA7, 0x32, 0xEA, 0xAA, 0x98, 0x27, 0xD7, 0x34, 0x18, 0x84, 0xBC, 0xE3, 0xC4, 0xE2, 0x5D,
    0x83, 0xC0, 0x07, 0x3C, 0xD1, 0x2E, 0x1A, 0xE4, 0x69, 0x7A, 0xCE, 0xA6, 0xAA, 0xF8, 0x8E, 0xD9,
    0x3F, 0x95, 0x9E, 0xBB, 0xFE, 0x78, 0x9C, 0x5D, 0x90, 0xDB, 0x11, 0xC1, 0x60, 0x14, 0x84, 0x13,
    0x97, 0x41, 0x30, 0x74, 0x40, 0x07, 0x4A, 0x88, 0x0E, 0xA2, 0x03, 0x3A, 0x90, 0x0E, 0xA4, 0x03,
    0x3A, 0xA0, 0x03, 0x3A, 0xA0, 0x03, 0xE9, 0x80, 0x0E, 0x92, 0x71, 0xCB, 0x98, 0xC1, 0x3A, 0x9B,
    0x7F, 0x1F, 0x8C, 0xBC, 0x7C, 0x99, 0xF9, 0xCF, 0xEE, 0xD9, 0x3D, 0x67, 0x20, 0xF0, 0xEC, 0x8B,
    0x81, 0x88, 0xEC, 0x03, 0x19, 0xE9, 0x3D, 0x81, 0x16, 0x79, 0x01, 0x46, 0xE4, 0x01, 0xD8, 0x93,
    0x33, 0x00, 0x55, 0xFE, 0x18, 0xDB, 0x1A, 0x0C, 0xC9, 0x1B, 0xB0, 0x25, 0xCF, 0xF6, 0xE0, 0x1B,
    0x57, 0xC6, 0x86, 0x71, 0x62, 0xEC, 0x3A, 0x67, 0xE7, 0xF4, 0x02, 0x16, 0x12, 0x1E, 0xC9, 0xBB,
    0x3D, 0x68, 0x13, 0x6A, 0xC6, 0x5C, 0xC2, 0x54, 0x1B, 0x76, 0x32, 0xA0, 0x61, 0xCF, 0x98, 0x18,
    0x07, 0x2E, 0x72, 0x69, 0xC8, 0x44, 0xA1, 0x18, 0x69, 0xE1, 0x3F, 0xC3, 0x9F, 0xB9, 0x58, 0xFA,
    0x44, 0x7E, 0x1B, 0xF9, 0x73, 0x4F, 0xA0, 0x02, 0x4D, 0xE5, 0xA8, 0x1B, 0xAF, 0x2A, 0xF4, 0x00,
    0x4E, 0xCA, 0xBD, 0x26, 0xDF, 0xC0, 0x54, 0x87, 0xA0, 0xCD, 0x58, 0xF2, 0x44, 0xB2, 0x54, 0x97,
    0xB4, 0x5A, 0x4B, 0xB2, 0x70, 0x5B, 0x59, 0x9F, 0x63, 0x43, 0x1B, 0xAB, 0xB8, 0x56, 0xE5, 0xD9,
    0x72, 0x5D, 0xA7, 0xD0, 0xDD, 0x3F, 0xC8, 0x7C, 0x17, 0x7E, 0xEE, 0x39, 0xB7, 0x0E, 0xF9, 0x05,
    0xF6, 0x72, 0xB9, 0xD4, 0x78, 0x9C, 0x3D, 0x8C, 0x4D, 0x0E, 0xC1, 0x60, 0x14, 0x45, 0xAF, 0xEA,
    0x40, 0x13, 0x29, 0x43, 0xC3, 0xEE, 0xA0, 0x76, 0xC0, 0x58, 0x24, 0x4C, 0x8D, 0x4C, 0xCD, 0xC4,
    0x22, 0x6C, 0xC1, 0xC0, 0x2A, 0xEC, 0xA0, 0x6C, 0x80, 0xA1, 0xA1, 0x25, 0xF8, 0x49, 0xFD, 0x34,
    0xA4, 0xC7, 0xF3, 0xB5, 0x75, 0x93, 0x9B, 0x77, 0x72, 0xF3, 0x72, 0x24, 0x29, 0x63, 0xAE, 0x32,
    0x2F, 0xA6, 0x15, 0x3E, 0x19, 0x55, 0xF8, 0x20, 0x76, 0x77, 0xED, 0x29, 0xA5, 0xA5, 0xF6, 0x51,
    0x22, 0xF1, 0x6F, 0x84, 0x51, 0x86, 0x3F, 0x86, 0x43, 0xCA, 0xF0, 0x0D, 0xC1, 0x86, 0x2A, 0xE1,
    0xE5, 0x8F, 0x71, 0xB4, 0xFA, 0x38, 0xD8, 0x4F, 0x3C, 0x73, 0x2C, 0x8C, 0x3A, 0x85, 0x36, 0x35,
    0xEC, 0x39, 0xEA, 0x43, 0x0E, 0xF5, 0x72, 0x5C, 0x16, 0xF3, 0x4F, 0xAC, 0x9C, 0xB3, 0xCD, 0x57,
    0xD3, 0xE8, 0x0E, 0x4D, 0xA9, 0x9B, 0xD3, 0xD0, 0x96, 0xA4, 0x66, 0x1F, 0xBB, 0x93, 0x14, 0x11,
    0x38, 0xC5, 0xC0, 0x3A, 0xB3, 0x7E, 0x01, 0xDB, 0xE8, 0x5D, 0x86, 0x78, 0x9C, 0x63, 0x60, 0x00,
    0x82, 0x0D, 0xFF, 0xFF, 0xFF, 0xE7, 0x60, 0x80, 0x83, 0x41, 0xC7, 0xFD, 0xF9, 0x1F, 0x19, 0xD4,
    0xD3, 0x8E, 0x3B, 0x48, 0xFC, 0x8B, 0x9F, 0x0B, 0x00, 0xA3, 0xC0, 0xB6, 0x7C, 0x78, 0x9C, 0xFB,
    0xF0, 0xFF, 0xFF, 0x7F, 0xBE, 0x0F, 0x84, 0x09, 0x06, 0x86, 0xCF, 0xFF, 0x79, 0x19, 0x18, 0xBE,
    0xFE, 0xE7, 0x66, 0x60, 0xF8, 0xF1, 0x9F, 0x93, 0x81, 0xE1, 0xEF, 0x7F, 0x56, 0x86, 0x80, 0xFF,
    0xFF, 0x41, 0xE2, 0xFD, 0x0C, 0x13, 0xFF, 0xFF, 0xE7, 0x61, 0xF8, 0xF6, 0xFF, 0x3C, 0x23, 0xC3,
    0x83, 0xFF, 0x5C, 0x0C, 0x0C, 0x09, 0xD6, 0x0C, 0x0C, 0x0C, 0x00, 0xFA, 0x17, 0x34, 0x8B, 0x78,
    0x9C, 0xFB, 0xF3, 0x1F, 0x0C, 0xDE, 0xFF, 0x21, 0x91, 0x06, 0x00, 0x28, 0xC6, 0x37, 0x44, 0x78,
    0x9C, 0xFB, 0xFB, 0xFF, 0xFF, 0x7F, 0xA6, 0xBF, 0x84, 0x09, 0x00, 0x9D, 0x66, 0x1F, 0xE1, 0x78,
    0x9C, 0x9D, 0xCC, 0xC9, 0x11, 0x41, 0x61, 0x10, 0x45, 0xE1, 0xA6, 0x50, 0x28, 0x53, 0x06, 0x64,
    0xF0, 0x84, 0x20, 0x04, 0x19, 0x90, 0x01, 0x21, 0xC8, 0x80, 0x0C, 0xC8, 0x80, 0x10, 0x64, 0x40,
    0x06, 0x4F, 0x06, 0xE6, 0x79, 0x38, 0xBC, 0x5B, 0x7F, 0xAF, 0x58, 0xE9, 0xCD, 0x3D, 0xD5, 0x8B,
    0xCF, 0xEC, 0x73, 0x2B, 0xA8, 0x26, 0x6B, 0x3B, 0x28, 0x29, 0x4E, 0x90, 0x57, 0xDC, 0x20, 0xA3,
    0x78, 0x41, 0x2A, 0xD9, 0x06, 0x2C, 0xF4, 0xE8, 0xC2, 0x50, 0x31, 0x81, 0x8E, 0x05, 0xA6, 0xAE,
    0xD8, 0x42, 0x59, 0x71, 0x84, 0x82, 0xE2, 0x0A, 0x59, 0xC5, 0x33, 0x30, 0x35, 0x88, 0xF5, 0x68,
    0xC3, 0x58, 0x31, 0x72, 0x66, 0xF9, 0x0F, 0xD3, 0x72, 0x66, 0xE0, 0xCC, 0xDC, 0x99, 0x8D, 0x33,
    0x07, 0x67, 0x2E, 0xCE, 0x3C, 0x02, 0x63, 0xBF, 0x98, 0x9E, 0x33, 0x91, 0x33, 0x15, 0xC5, 0x1E,
    0x8A, 0x8A, 0x33, 0xE4, 0x14, 0x77, 0x48, 0x07, 0x66, 0xAD, 0x6D, 0xC2, 0x54, 0xD1, 0x77, 0x66,
    0xF6, 0xC5, 0xBC, 0x01, 0xFE, 0x57, 0x7B, 0xB8, 0x78, 0x9C, 0x75, 0x52, 0xC9, 0x0D, 0xC2, 0x40,
    0x0C, 0x1C, 0x81, 0x84, 0x14, 0xC4, 0xF5, 0xE0, 0x0F, 0x1D, 0x50, 0x02, 0xE9, 0x80, 0x50, 0x41,
    0xE8, 0x20, 0x8D, 0x20, 0x41, 0x09, 0x94, 0x40, 0x09, 0x3C, 0xE1, 0x05, 0x1D, 0x04, 0x2A, 0x08,
    0x47, 0xB8, 0x05, 0xC1, 0xF6, 0x66, 0x17, 0x0C, 0xC2, 0x0F, 0x7B, 0x47, 0x89, 0xC7, 0xDE, 0x99,
    0x05, 0x00, 0x7F, 0xF1, 0x4C, 0x86, 0x45, 0x98, 0x08, 0x1E, 0x19, 0xC5, 0x32, 0x87, 0xB7, 0x4C,
    0x62, 0x24, 0x60, 0x9A, 0xE5, 0xE1, 0x31, 0xBA, 0x5A, 0x14, 0x31, 0x45, 0xE6, 0xA2, 0x00, 0xAC,
    0xDE, 0xA8, 0x0C, 0x1C, 0xA9, 0xC4, 0xCD, 0xFE, 0x93, 0x4A, 0x07, 0xB8, 0x53, 0xA9, 0x00, 0x1B,
    0x61, 0x6D, 0xF0, 0x2F, 0x34, 0x6A, 0x40, 0x25, 0x41, 0xC0, 0x83, 0x99, 0x5A, 0x68, 0xC6, 0x76,
    0x2E, 0xEF, 0x50, 0x9A, 0x51, 0x0A, 0x19, 0x9D, 0x99, 0x74, 0x6B, 0xB8, 0x80, 0x94, 0xD9, 0xF6,
    0x94, 0xEA, 0x8C, 0x0E, 0x7C, 0x48, 0x2D, 0xDA, 0xD1, 0xA1, 0xC5, 0xC3, 0x6B, 0x8C, 0xA4, 0xE5,
    0x44, 0xA9, 0x6A, 0x51, 0xF7, 0x6C, 0x56, 0x31, 0xA8, 0x77, 0xF9, 0x44, 0xA1, 0x43, 0xEB, 0x1F,
    0x14, 0xFD, 0xF9, 0x26, 0x7D, 0x8A, 0x33, 0xD4, 0xF3, 0xF4, 0x2E, 0x7A, 0x4F, 0x7D, 0x07, 0x77,
    0x3F, 0x6E, 0xA9, 0xB0, 0x9C, 0x3D, 0x7B, 0x77, 0x6F, 0xA2, 0x74, 0x61, 0xE5, 0x62, 0xA7, 0x59,
    0x3B, 0xD7, 0x33, 0x10, 0x3D, 0xF1, 0xF8, 0xD4, 0x5A, 0xBA, 0x97, 0xCE, 0x87, 0xB5, 0xF2, 0x68,
    0xA0, 0xFC, 0xB3, 0xB6, 0x1B, 0x6F, 0xBF, 0x7C, 0xB7, 0xC6, 0x9B, 0x37, 0x01, 0x5F, 0xBD, 0x17,
    0xF8, 0x73, 0xFB, 0x96, 0x5E, 0x62, 0xF5, 0x60, 0x7C, 0x78, 0x9C, 0x63, 0x60, 0x00, 0x81, 0xBF,
    0xFF, 0xFF, 0xF3, 0x82, 0x19, 0x0E, 0xFF, 0x61, 0xAC, 0x03, 0x70, 0xD6, 0x37, 0x18, 0xCB, 0xE0,
    0x3F, 0x8C, 0xF5, 0x08, 0xC6, 0x32, 0xF8, 0x07, 0x63, 0x81, 0x54, 0x81, 0x59, 0x0B, 0xFF, 0x43,
    0x59, 0x01, 0xFF, 0xA0, 0xAC, 0x80, 0xBF, 0xFF, 0xA1, 0xAC, 0x6F, 0xFF, 0x51, 0x58, 0xBF, 0x61,
    0xAC, 0xF9, 0x9F, 0x60, 0x2C, 0x76, 0x18, 0xCB, 0x8E, 0x01, 0xCA, 0x9A, 0xCF, 0x08, 0x65, 0xED,
    0x67, 0x62, 0x80, 0xB0, 0xA6, 0x02, 0x19, 0x10, 0x16, 0xD8, 0x7D, 0xC3, 0x9E, 0x05, 0x00, 0x25,
    0xD1, 0xCE, 0xE5, 0x78, 0x9C, 0x55, 0x91, 0x3D, 0x8E, 0x02, 0x31, 0x0C, 0x85, 0x0D, 0x3B, 0x23,
    0xD0, 0x0A, 0x04, 0x17, 0x00, 0x4D, 0xB7, 0xED, 0xDC, 0x60, 0xF7, 0x06, 0x70, 0x02, 0xC4, 0x0D,
    0xA0, 0xA1, 0xA2, 0x40, 0xE2, 0x02, 0x74, 0xB4, 0xB4, 0x74, 0x7B, 0x04, 0xB8, 0xC1, 0xD0, 0xAF,
    0xB4, 0x08, 0x6A, 0x24, 0x34, 0x12, 0x03, 0xE2, 0xD7, 0xE4, 0x25, 0xE0, 0x8C, 0x5F, 0x91, 0xF8,
    0x8B, 0x65, 0xFB, 0x25, 0x21, 0x22, 0xAA, 0x4F, 0x77, 0xFC, 0x3F, 0xFC, 0x20, 0xA7, 0xF8, 0xC2,
    0x50, 0x12, 0x3A, 0x3C, 0xB3, 0xD3, 0xA2, 0x00, 0x5A, 0xF2, 0x5B, 0x4D, 0xE0, 0x4D, 0x70, 0x6D,
    0xD2, 0x7D, 0xF6, 0xFA, 0x24, 0x4A, 0x73, 0xF8, 0x4D, 0x74, 0x32, 0xDB, 0xFE, 0x8B, 0xC6, 0xC0,
    0x5F, 0xA2, 0xBB, 0xD9, 0x1A, 0xA6, 0xC5, 0x16, 0xC7, 0x14, 0xE1, 0x14, 0x0E, 0xDA, 0x08, 0x8A,
    0x58, 0x13, 0x3B, 0xFE, 0x61, 0xA2, 0x00, 0x8D, 0x27, 0x16, 0xAF, 0x26, 0x0A, 0xA3, 0xC1, 0xFC,
    0xAF, 0x63, 0x11, 0x56, 0x03, 0x12, 0x21, 0x5B, 0xF4, 0x88, 0x5A, 0x4F, 0x3F, 0xB8, 0x84, 0x47,
    0xDC, 0xA4, 0xE7, 0xF1, 0x68, 0xB0, 0x26, 0x14, 0xC3, 0x45, 0x49, 0x10, 0x1E, 0xD7, 0x42, 0x11,
    0xFA, 0xB6, 0x54, 0x92, 0xCB, 0x52, 0xF9, 0x50, 0x63, 0x0E, 0x48, 0x56, 0xF2, 0x16, 0x38, 0x29,
    0xBC, 0x31, 0x53, 0xC9, 0x2E, 0xAB, 0xCA, 0xEC, 0xF5, 0x8A, 0x4E, 0xF6, 0x59, 0x66, 0xBA, 0xAD,
    0x9F, 0x09, 0x1A, 0x49, 0x72, 0xA3, 0xCD, 0xDF, 0x54, 0xA5, 0xFD, 0xA3, 0xAA, 0x60, 0xFE, 0x8F,
    0x38, 0x94, 0xCF, 0x76, 0x58, 0x67, 0x85, 0x7D, 0x8D, 0x2B, 0x8D, 0xA9, 0xC6, 0x4C, 0xE3, 0x49,
    0xE3, 0x13, 0xDD, 0x2B, 0x3E, 0xB3, 0x78, 0x9C, 0x63, 0x60, 0x60, 0x60, 0x28, 0xBA, 0xFD, 0xFF,
    0x5E, 0x35, 0x13, 0x03, 0x04, 0x6C, 0xFE, 0x0F, 0x02, 0xFB, 0x99, 0xC1, 0x9C, 0x09, 0xFF, 0x21,
    0x60, 0x3E, 0x98, 0xF7, 0x1B, 0xCA, 0xFB, 0xCF, 0x0D, 0xE4, 0x2C, 0x80, 0x71, 0xFE, 0xAF, 0x07,
    0xF2, 0xBE, 0xC0, 0x79, 0xFF, 0xD9, 0x18, 0x18, 0xFE, 0x22, 0x78, 0x7C, 0x0C, 0x0E, 0x20, 0x2A,
    0x86, 0x31, 0xF1, 0x1F, 0x90, 0x8A, 0x07, 0x9B, 0x08, 0xD2, 0xF0, 0x10, 0x4C, 0x3F, 0x00, 0x92,
    0xBC, 0x40, 0x5E, 0x02, 0x90, 0x3E, 0xCF, 0xF0, 0x11, 0x48, 0xB2, 0x03, 0x79, 0x0A, 0x40, 0xFA,
    0x3E, 0x03, 0x83, 0xD3, 0xF4, 0x37, 0xCC, 0x50, 0xDE, 0x79, 0x06, 0x18, 0x70, 0x80, 0xBB, 0x06,
    0x04, 0x36, 0x00, 0x79, 0xFE, 0x70, 0xDE, 0x0F, 0x20, 0x8F, 0x07, 0xCA, 0x56, 0xB8, 0x06, 0xB2,
    0x16, 0xE2, 0x0B, 0x86, 0x03, 0x60, 0xA7, 0xC0, 0x14, 0x82, 0x2C, 0xFD, 0xFF, 0x1E, 0x2A, 0xC5,
    0xF0, 0x01, 0xC4, 0x93, 0x84, 0x19, 0xF1, 0x09, 0xC4, 0xEB, 0x63, 0x84, 0xF2, 0xBE, 0x82, 0xF5,
    0xD5, 0x43, 0x79, 0xDF, 0x21, 0x3E, 0xE2, 0x82, 0xF0, 0x42, 0x98, 0x0C, 0x7E, 0xA1, 0xB8, 0x05,
    0xE4, 0x87, 0xFF, 0x2C, 0x58, 0x1D, 0x03, 0xB1, 0x45, 0x1F, 0xCE, 0x5B, 0x80, 0x64, 0x2A, 0x03,
    0x43, 0x01, 0x34, 0x48, 0x10, 0xC6, 0xEC, 0x47, 0x91, 0xDB, 0x6F, 0x58, 0xBA, 0xF3, 0x2D, 0x98,
    0xD7, 0x00, 0x52, 0xF9, 0x1B, 0xE6, 0x2F, 0x90, 0xAF, 0xFA, 0x41, 0xD6, 0x70, 0xC2, 0x5C, 0x1E,
    0xFF, 0x05, 0x66, 0x0D, 0x48, 0x91, 0x3C, 0xC8, 0xA3, 0xF7, 0x19, 0x21, 0xDA, 0xFE, 0x73, 0x83,
    0xC9, 0x3A, 0x26, 0xC7, 0x3F, 0xE0, 0x80, 0x11, 0xF8, 0x87, 0x88, 0x23, 0xA0, 0x75, 0xDF, 0x10,
    0x3C, 0x39, 0x44, 0xB4, 0x43, 0x6D, 0xFA, 0x05, 0xE3, 0xD8, 0xC1, 0xFD, 0x09, 0x8A, 0x13, 0x48,
    0x28, 0x4D, 0x02, 0x73, 0xEE, 0xB3, 0x42, 0x1D, 0x9C, 0x78, 0xEB, 0xDF, 0xFD, 0x1E, 0xB0, 0xF3,
    0x00, 0x02, 0x63, 0x29, 0x8C, 0x78, 0x9C, 0xBD, 0xD0, 0xD1, 0x11, 0xC1, 0x00, 0x10, 0x04, 0xD0,
    0xE3, 0x8F, 0xF8, 0x50, 0x82, 0x12, 0x94, 0xA0, 0x03, 0xE9, 0x80, 0x0E, 0xE8, 0x80, 0x52, 0x94,
    0xA0, 0x04, 0x25, 0xE8, 0x00, 0x15, 0xC4, 0x88, 0x84, 0x41, 0xB2, 0x16, 0x93, 0x3B, 0x5B, 0x00,
    0xFB, 0xB3, 0xFB, 0x66, 0xEE, 0xEB, 0xCC, 0x3E, 0x19, 0x01, 0xE8, 0x99, 0x67, 0xAF, 0xBC, 0x09,
    0x53, 0x08, 0x0F, 0xCA, 0xBB, 0x70, 0x0A, 0xE1, 0x49, 0xF9, 0x10, 0xCE, 0x21, 0xCC, 0x95, 0x95,
    0x70, 0xC9, 0x59, 0x05, 0xCF, 0x9C, 0x79, 0xB0, 0x06, 0x16, 0x47, 0xE7, 0xEA, 0xB5, 0x82, 0x05,
    0x57, 0xDB, 0xD9, 0xE7, 0xED, 0xCC, 0x9C, 0x6B, 0x8E, 0x24, 0x58, 0x02, 0x59, 0xCB, 0x39, 0x60,
    0x4F, 0xCC, 0xB9, 0x61, 0x77, 0x83, 0x97, 0xF7, 0x6D, 0xC3, 0x21, 0x6B, 0x6C, 0xCE, 0x2D, 0xAB,
    0x13, 0xBC, 0x02, 0x3B, 0x0B, 0xD6, 0xF8, 0x4E, 0xF6, 0x3B, 0x36, 0x8F, 0x8F, 0x6F, 0xFC, 0x87,
    0x4F, 0x42, 0xE0, 0x32, 0xE0, 0x78, 0x9C, 0x63, 0x60, 0x28, 0xF8, 0x0F, 0x07, 0x5C, 0x0C, 0x0C,
    0x0C, 0x0B, 0x50, 0xB9, 0x17, 0x50, 0xB9, 0x1F, 0x50, 0xB9, 0x9F, 0x50, 0xB9, 0x5F, 0x51, 0xB9,
    0x3F, 0x50, 0xB9, 0xBF, 0x51, 0xB9, 0xFF, 0xFE, 0xFF, 0x9F, 0xCF, 0x80, 0x00, 0x40, 0xD1, 0x7C,
    0x04, 0xCF, 0x00, 0xC8, 0xB5, 0x47, 0x70, 0x13, 0x80, 0x5C, 0x79, 0x04, 0x77, 0x02, 0x90, 0xCB,
    0x87, 0xE0, 0x1E, 0x00, 0x72, 0xB9, 0x11, 0xDC, 0x07, 0x40, 0xAE, 0xC4, 0xF6, 0x7F, 0xF7, 0xB3,
    0x19, 0xC1, 0xDC, 0x8F, 0x40, 0xEE, 0x5F, 0x90, 0xA5, 0xEB, 0xC1, 0xFC, 0x2F, 0x70, 0x47, 0xC4,
    0x83, 0xB8, 0xDF, 0x11, 0x8E, 0x62, 0x07, 0x72, 0x7F, 0xFD, 0x47, 0x91, 0xFE, 0x8B, 0xE0, 0xFE,
    0x67, 0x06, 0xBB, 0x11, 0x0E, 0x78, 0x18, 0x14, 0x40, 0x54, 0x9F, 0xB0, 0xC2, 0x35, 0x10, 0xED,
    0xCF, 0x10, 0x00, 0xB3, 0x02, 0x64, 0xC6, 0x7A, 0x06, 0x86, 0xE0, 0x15, 0x6F, 0x38, 0x60, 0xAE,
    0x7B, 0x8F, 0x70, 0x9D, 0x03, 0xD4, 0x2C, 0x24, 0x7F, 0xFF, 0x67, 0x45, 0x70, 0xFF, 0x00, 0xB9,
    0x6C, 0x08, 0xEE, 0x6F, 0xA8, 0xBB, 0x90, 0xB8, 0x6C, 0x8E, 0xA5, 0x2B, 0xDF, 0x70, 0x82, 0xB9,
    0x20, 0xE7, 0xB1, 0x82, 0x3C, 0xC4, 0x0B, 0x37, 0x8A, 0xF9, 0x23, 0x2C, 0xE4, 0x40, 0xEE, 0xF9,
    0x0F, 0x8E, 0xBF, 0xF3, 0x0C, 0xD0, 0x88, 0xDC, 0xCF, 0xD0, 0x80, 0x1C, 0x19, 0xFE, 0x10, 0x2F,
    0xDC, 0x17, 0x15, 0x78, 0xF6, 0x1F, 0x62, 0xC8, 0x4F, 0x54, 0xFF, 0x3E, 0x44, 0xF0, 0xE6, 0x43,
    0x23, 0x05, 0x0A, 0xB8, 0x51, 0x82, 0x72, 0x3F, 0xD8, 0x7A, 0x05, 0x58, 0x68, 0x71, 0x40, 0x1C,
    0x5B, 0xF0, 0x0F, 0xCC, 0xB3, 0x86, 0xFB, 0xFC, 0xC4, 0xDF, 0xFF, 0x6B, 0xD5, 0xC1, 0x4C, 0x00,
    0xAE, 0xEA, 0x53, 0x3C, 0x78, 0x9C, 0x55, 0x91, 0xAB, 0x4E, 0x03, 0x51, 0x10, 0x86, 0xE7, 0x6C,
    0x81, 0x06, 0x92, 0x02, 0x0F, 0x40, 0x82, 0xC5, 0x40, 0xFA, 0x06, 0xA0, 0x08, 0x82, 0x64, 0x79,
    0x00, 0x08, 0x60, 0x11, 0x90, 0xD4, 0x22, 0xA8, 0xC6, 0x80, 0xA8, 0x47, 0x80, 0x6F, 0xC3, 0x0B,
    0x34, 0xA9, 0xE7, 0xA2, 0x11, 0x6C, 0x83, 0x40, 0x41, 0x96, 0xFB, 0xAD, 0x81, 0x61, 0xFE, 0x99,
    0xD9, 0xB3, 0xE9, 0x6F, 0xFE, 0xF3, 0xED, 0x9E, 0xB9, 0x1E, 0x22, 0xD1, 0xF6, 0x0D, 0xDF, 0xEE,
    0x04, 0x72, 0x9D, 0x33, 0x74, 0xE4, 0xD4, 0x64, 0xD3, 0xBC, 0xE1, 0xC0, 0x31, 0x4F, 0x40, 0x1D,
    0x2E, 0x54, 0x03, 0x7E, 0x47, 0x44, 0xF4, 0x12, 0x97, 0x92, 0xE4, 0xD7, 0xF0, 0x8D, 0x70, 0x0A,
    0xAB, 0x12, 0xBD, 0x8B, 0x75, 0xE5, 0xD6, 0x97, 0x05, 0x0F, 0x3C, 0x47, 0x5F, 0x7C, 0x96, 0xA6,
    0x71, 0x69, 0x54, 0xF0, 0x58, 0x3C, 0xA5, 0x2D, 0x14, 0x44, 0x81, 0xB5, 0xCB, 0xC3, 0xE5, 0x8A,
    0x7E, 0x6C, 0x53, 0x14, 0x12, 0xEF, 0x95, 0xF8, 0x24, 0xB8, 0x58, 0xE2, 0x8B, 0x26, 0x8C, 0x7A,
    0x13, 0x9C, 0xA2, 0xD6, 0x63, 0xB6, 0xAF, 0x03, 0xA0, 0x8B, 0x5A, 0x0F, 0xD5, 0xDA, 0x98, 0xFF,
    0x43, 0x0E, 0xAB, 0xD6, 0x71, 0x2A, 0xF8, 0x29, 0xFE, 0xE7, 0x13, 0x8C, 0x59, 0xAB, 0x85, 0xD2,
    0x61, 0xCC, 0xC3, 0x10, 0xF2, 0xB8, 0xC6, 0x32, 0xCF, 0xD1, 0x19, 0x6B, 0x03, 0x8A, 0x0B, 0x5E,
    0xF1, 0x40, 0x0B, 0xF1, 0x88, 0xAF, 0xB7, 0xAB, 0x1F, 0xAF, 0xD0, 0x8F, 0x0E, 0x4E, 0xAF, 0x71,
    0xFF, 0xBF, 0xC0, 0xE7, 0x38, 0xE0, 0x8F, 0x9C, 0x92, 0x7E, 0x44, 0xEC, 0x3B, 0xE9, 0xC4, 0xCB,
    0xF8, 0x1B, 0x9A, 0xBE, 0x57, 0x5B, 0x29, 0xD5, 0x7D, 0xFB, 0x44, 0xE2, 0x19, 0x11, 0xC6, 0x99,
    0xC0, 0x26, 0xC5, 0x4F, 0x6C, 0x06, 0x04, 0xDF, 0x89, 0x6F, 0x92, 0x56, 0xE2, 0xF5, 0xD0, 0x80,
    0x4D, 0x96, 0x6F, 0xEF, 0x4F, 0xA6, 0xDD, 0x98, 0x32, 0xF2, 0x20, 0x13, 0x06, 0xA3, 0x7A, 0xB1,
    0xAA, 0xBC, 0xA2, 0xF5, 0x7B, 0x8E, 0x33, 0xBE, 0xFA, 0x7B, 0xA5, 0xDD, 0xF8, 0x14, 0xAD, 0x07,
    0xBE, 0x58, 0xD1, 0xD3, 0x3F, 0x4F, 0x4B, 0x6D, 0x84, 0x78, 0x9C, 0xAD, 0xD0, 0xEF, 0x0D, 0x01,
    0x41, 0x10, 0x05, 0xF0, 0x25, 0xFE, 0x84, 0x90, 0x5C, 0x07, 0x4A, 0xA0, 0x03, 0x3A, 0x50, 0x0A,
    0x1D, 0xD0, 0x01, 0x25, 0x28, 0x41, 0x07, 0x57, 0x82, 0x12, 0x94, 0xC0, 0xC9, 0x89, 0xC3, 0xF1,
    0x3C, 0x89, 0x7B, 0xB3, 0x13, 0x3E, 0xDA, 0x4F, 0xFB, 0xCB, 0xCC, 0xCE, 0xEC, 0x4C, 0x81, 0xE8,
    0xA4, 0xC5, 0xFF, 0x35, 0x75, 0x6A, 0x84, 0xEA, 0x94, 0xC0, 0x42, 0x58, 0x32, 0xD4, 0x95, 0x72,
    0xE0, 0x50, 0xAB, 0x90, 0x3C, 0x59, 0x43, 0xA1, 0x0D, 0x13, 0x3B, 0xBF, 0x13, 0x03, 0x13, 0x67,
    0xAE, 0x62, 0x4F, 0xCA, 0x5C, 0xEB, 0x2B, 0xB0, 0x13, 0x12, 0x86, 0xC6, 0xD2, 0xFA, 0xEB, 0x59,
    0x53, 0xBA, 0xB0, 0x9B, 0x10, 0x1E, 0xC0, 0x4A, 0x98, 0x30, 0x71, 0xE8, 0x3E, 0x69, 0x45, 0x8E,
    0x54, 0x4B, 0x3A, 0x53, 0x75, 0xE9, 0x06, 0xEC, 0xAD, 0x24, 0xE2, 0x92, 0x23, 0xC4, 0x73, 0xCF,
    0xA9, 0x81, 0xB4, 0xA5, 0xFA, 0xAE, 0x81, 0xED, 0xE4, 0x44, 0xB5, 0xA5, 0xDC, 0x0D, 0xCE, 0x09,
    0x60, 0xFB, 0xE2, 0x1A, 0x60, 0xCD, 0xEF, 0x6E, 0xBA, 0x32, 0x5E, 0xD1, 0x7B, 0xD6, 0x48, 0xDC,
    0x73, 0xFA, 0xB9, 0xBE, 0x00, 0x21, 0xAA, 0xE7, 0x08, 0x78, 0x9C, 0x4D, 0x52, 0x3B, 0x4E, 0xC3,
    0x40, 0x10, 0x7D, 0x61, 0x83, 0x44, 0x1C, 0x11, 0xAA, 0x14, 0x54, 0xA4, 0xA2, 0x76, 0x4F, 0x11,
    0x1F, 0x01, 0x2E, 0x00, 0x47, 0xC0, 0xCA, 0x05, 0xC8, 0x0D, 0x8C, 0xA8, 0x91, 0xE2, 0x0B, 0xA0,
    0x34, 0x1C, 0x00, 0xD1, 0x51, 0x85, 0x9A, 0x4B, 0x98, 0x8F, 0xF8, 0x38, 0x01, 0x2F, 0xF3, 0x76,
    0x76, 0xB4, 0x99, 0x62, 0x77, 0xDE, 0xCE, 0xCC, 0xDB, 0xB7, 0xCF, 0x06, 0x80, 0xD9, 0x4B, 0xD7,
    0xDC, 0x8E, 0xA1, 0x71, 0xEF, 0x43, 0x1C, 0x06, 0x30, 0x57, 0xE0, 0x9B, 0x3E, 0xD1, 0x3A, 0x22,
    0x7F, 0xB9, 0x55, 0x92, 0x90, 0xE2, 0x7B, 0x42, 0xFB, 0xC0, 0x46, 0xB6, 0x85, 0xCB, 0x37, 0xDA,
    0xCA, 0xC3, 0x5D, 0x1D, 0x58, 0xE1, 0x94, 0x25, 0x92, 0xFD, 0x49, 0xD2, 0x2B, 0x65, 0x99, 0x12,
    0x7D, 0x49, 0xE2, 0xD8, 0x71, 0x40, 0xF4, 0x41, 0xD2, 0x6B, 0x43, 0xE4, 0xEE, 0x97, 0xDB, 0x35,
    0x57, 0xD8, 0xDC, 0xB7, 0x24, 0x40, 0x97, 0x38, 0x97, 0xC0, 0x8F, 0x4A, 0x9A, 0x6B, 0xCF, 0xB3,
    0x6C, 0xD5, 0x4E, 0x41, 0x2D, 0x19, 0x30, 0xE9, 0x4C, 0xE6, 0x8A, 0x03, 0x8F, 0x86, 0x32, 0x98,
    0x0A, 0x89, 0xF3, 0x00, 0x8A, 0xDF, 0xD8, 0xE8, 0x88, 0x5A, 0xEB, 0xAC, 0x04, 0xD4, 0xE9, 0xB5,
    0x99, 0xDE, 0x57, 0xB9, 0xBC, 0x0D, 0xC5, 0x09, 0x0F, 0x65, 0xA2, 0x08, 0x7B, 0x1D, 0xCD, 0x0A,
    0xCC, 0xC3, 0x57, 0x75, 0x47, 0x35, 0x1D, 0x7D, 0xCA, 0xB2, 0x67, 0x26, 0x5F, 0x44, 0xD1, 0x08,
    0x06, 0x55, 0xAD, 0x92, 0x00, 0x39, 0xED, 0x5A, 0x5B, 0x8D, 0xA4, 0x8B, 0x56, 0xED, 0x8C, 0x9D,
    0x34, 0x60, 0x60, 0x2C, 0x57, 0xE4, 0x1C, 0xD9, 0x0D, 0xD3, 0x37, 0x1E, 0xD9, 0xED, 0xA3, 0x3A,
    0x7E, 0x87, 0xA0, 0x6C, 0x40, 0x62, 0xBF, 0x54, 0xD5, 0xBE, 0x97, 0x9E, 0x17, 0x1E, 0xF8, 0x90,
    0xD0, 0x10, 0xFA, 0x39, 0x93, 0x67, 0xA5, 0xA1, 0x70, 0x2D, 0x6E, 0x14, 0x9C, 0xC4, 0xDF, 0xE7,
    0xEC, 0xA9, 0x6B, 0xEE, 0x8E, 0x99, 0xFD, 0x03, 0x2A, 0x0A, 0x65, 0xC3, 0x78, 0x9C, 0x55, 0x91,
    0x4B, 0x52, 0xC2, 0x40, 0x10, 0x86, 0x7F, 0x92, 0x80, 0xE0, 0x93, 0x1B, 0xC8, 0x0D, 0xCC, 0x09,
    0x2C, 0xF4, 0x02, 0x7A, 0x03, 0x3C, 0x81, 0xA2, 0x4B, 0x57, 0xAE, 0xDC, 0xE2, 0x01, 0xAC, 0x12,
    0x0F, 0x60, 0x71, 0x04, 0x5C, 0x5A, 0x6E, 0xE2, 0x9E, 0x45, 0xD0, 0x0B, 0x04, 0xB5, 0xD4, 0xA2,
    0x04, 0xDA, 0xEE, 0x9E, 0x9E, 0x89, 0xF9, 0x17, 0x9D, 0xFE, 0xA6, 0x33, 0xFD, 0x1A, 0x00, 0x48,
    0x9F, 0x96, 0xC5, 0x6D, 0x02, 0xD3, 0xF1, 0x92, 0x58, 0x45, 0xC3, 0x51, 0x7B, 0x41, 0xAA, 0x2C,
    0x52, 0x7C, 0x23, 0xD3, 0xBE, 0x06, 0x57, 0x1E, 0x0B, 0x09, 0x3F, 0x52, 0xD0, 0x16, 0xE3, 0x77,
    0x89, 0x77, 0x8C, 0x92, 0x76, 0x10, 0x1D, 0x68, 0xBE, 0x08, 0x5D, 0xF9, 0xC4, 0x40, 0x5F, 0xBE,
    0x4D, 0xDC, 0xB0, 0x3D, 0x93, 0x94, 0x73, 0x76, 0xB6, 0xF1, 0xC2, 0x76, 0x47, 0xF0, 0x9D, 0x9D,
    0x23, 0xCC, 0xD8, 0x6E, 0x0A, 0x0E, 0x25, 0x87, 0x1E, 0x6E, 0x08, 0xCA, 0xE5, 0x0C, 0x1F, 0x6C,
    0xD7, 0x05, 0x4F, 0x24, 0x57, 0x19, 0x55, 0xAC, 0xCD, 0xAC, 0x1B, 0x5C, 0x69, 0xC5, 0x29, 0x9B,
    0x3D, 0xF8, 0x66, 0xEB, 0x43, 0x6B, 0x0E, 0x9F, 0x82, 0x0D, 0xBD, 0xC2, 0x93, 0x77, 0x74, 0xB0,
    0xB5, 0xB6, 0xD8, 0x51, 0xD2, 0xF9, 0x21, 0xD7, 0xE5, 0x9C, 0xFE, 0xA9, 0x89, 0xD7, 0x2A, 0x76,
    0xAB, 0x18, 0xE6, 0x5F, 0x39, 0xB4, 0x70, 0xEF, 0x57, 0x32, 0x73, 0xC5, 0x7B, 0x5D, 0x6B, 0xBC,
    0x70, 0x15, 0x81, 0x8B, 0x09, 0x3D, 0x24, 0x90, 0x9F, 0xC3, 0x53, 0x00, 0x6E, 0x59, 0x5E, 0xA9,
    0x0E, 0x18, 0x24, 0xDD, 0xE6, 0x25, 0xCA, 0x2C, 0x23, 0xE0, 0xF0, 0xFA, 0xF9, 0x54, 0x70, 0xAA,
    0x2B, 0x4D, 0xDD, 0x21, 0xF0, 0xC5, 0xCE, 0xAE, 0x26, 0x2C, 0x60, 0xAF, 0xC1, 0x2B, 0x95, 0xEA,
    0x2D, 0x77, 0x95, 0xEA, 0x80, 0x0C, 0x3A, 0x8E, 0xF5, 0x8D, 0x72, 0xDB, 0xBE, 0xA9, 0xE7, 0x37,
    0xE8, 0xD4, 0xAA, 0xBC, 0x7E, 0x86, 0xB0, 0x42, 0xF2, 0xDB, 0x47, 0x6A, 0xE1, 0x81, 0xB5, 0xA7,
    0xF3, 0xD2, 0x38, 0x4C, 0x73, 0x3E, 0xA1, 0xFC, 0xB2, 0xA6, 0xEE, 0x1F, 0x44, 0x16, 0x6E, 0x0A,
    0x78, 0x9C, 0xFB, 0xFA, 0xFF, 0xFF, 0x7F, 0xAE, 0xAF, 0x84, 0x09, 0x06, 0xEA, 0x01, 0x22, 0x6C,
    0x03, 0x13, 0x00, 0x8B, 0x98, 0x3F, 0xC1, 0x78, 0x9C, 0x6B, 0xF8, 0xFF, 0xFF, 0x7F, 0x7E, 0x03,
    0x61, 0x82, 0x81, 0x7A, 0x80, 0x08, 0xDB, 0xA0, 0x56, 0x6E, 0xF8, 0x1F, 0xCF, 0xC0, 0x70, 0xE1,
    0xBF, 0x3D, 0x03, 0xC3, 0x87, 0xFF, 0xF2, 0x0C, 0x0C, 0x5F, 0xFF, 0xF3, 0x32, 0x30, 0xFC, 0xFD,
    0xCF, 0xC1, 0xB0, 0xE0, 0xFF, 0x7F, 0x46, 0x87, 0xBF, 0x40, 0xC9, 0x07, 0xFF, 0xFF, 0xB3, 0x31,
    0x24, 0xFC, 0xF7, 0x03, 0x9A, 0x5A, 0x03, 0xC4, 0x00, 0x87, 0x2C, 0x53, 0x37, 0x78, 0x9C, 0x63,
    0x60, 0x40, 0x02, 0x0E, 0xDA, 0xC8, 0xBC, 0x84, 0xBF, 0xFA, 0x48, 0xBC, 0xC6, 0x7F, 0xFF, 0x91,
    0xB8, 0x8B, 0xFF, 0xFF, 0x47, 0xE2, 0x1E, 0xFD, 0x8F, 0xCC, 0xBD, 0xFE, 0x1F, 0x89, 0xAB, 0xF0,
    0xF3, 0x3F, 0x12, 0xD7, 0xE0, 0x17, 0x84, 0xB7, 0x9F, 0x05, 0xC4, 0x0B, 0xF8, 0x03, 0xE1, 0xAD,
    0x67, 0x02, 0xF1, 0x0A, 0xFF, 0x41, 0x78, 0x7D, 0x8C, 0x20, 0xDE, 0x24, 0x08, 0xE7, 0x7F, 0x2E,
    0x58, 0xDF, 0x16, 0x28, 0xCF, 0x1B, 0xCC, 0xBB, 0x04, 0xE5, 0x69, 0x41, 0xAC, 0xF8, 0x0A, 0xE6,
    0xBC, 0x97, 0x60, 0x40, 0xE2, 0xDE, 0x67, 0x63, 0x40, 0xE2, 0x9E, 0x67, 0x61, 0x40, 0xE6, 0xFE,
    0xD7, 0x44, 0xE5, 0xFE, 0xB7, 0x46, 0xE5, 0xFE, 0xF7, 0x81, 0x72, 0x0F, 0xA1, 0x38, 0x02, 0xE1,
    0x8C, 0x3A, 0x28, 0x1F, 0xE6, 0xC8, 0x7E, 0x46, 0x08, 0x1F, 0xE6, 0x85, 0xF9, 0x4C, 0x10, 0x3E,
    0xCC, 0x83, 0xFB, 0x99, 0x19, 0x50, 0xBC, 0x0F, 0x73, 0x8F, 0xC0, 0x0B, 0xE4, 0xC0, 0x01, 0x82,
    0x6B, 0xA8, 0x5C, 0x88, 0x85, 0x48, 0xC1, 0xBE, 0x08, 0x95, 0x8B, 0x16, 0x29, 0xE8, 0x51, 0x06,
    0x8A, 0x50, 0x00, 0xF2, 0x97, 0xB9, 0x5D, 0x78, 0x9C, 0xFB, 0xF9, 0x1F, 0x19, 0xD4, 0xFF, 0xA4,
    0x19, 0x97, 0x81, 0x7A, 0x80, 0x76, 0x8E, 0x44, 0xE3, 0x02, 0x00, 0xF7, 0x27, 0xC9, 0xDB, 0x78,
    0x9C, 0x5B, 0xC2, 0xCC, 0x80, 0x0C, 0xBE, 0x9E, 0x67, 0x45, 0xE1, 0xFE, 0xBF, 0xCF, 0x8E, 0xC2,
    0xFD, 0xFF, 0x5F, 0x13, 0x95, 0xFB, 0xDF, 0x1B, 0x95, 0xFB, 0x3F, 0x17, 0x95, 0xFB, 0xBF, 0x8F,
    0x11, 0xC2, 0x0D, 0xF8, 0x0B, 0xE1, 0xAF, 0x87, 0x5A, 0xE8, 0xF0, 0x1B, 0xC2, 0xDF, 0xCF, 0x02,
    0xE1, 0x2B, 0xFC, 0x84, 0xF0, 0xEF, 0xB3, 0x41, 0xF8, 0x02, 0x2F, 0x20, 0xFC, 0xFF, 0x1A, 0x50,
    0xF3, 0xAE, 0x41, 0xF9, 0x56, 0x50, 0xFE, 0x51, 0x28, 0x5F, 0x06, 0xCA, 0x5F, 0x0C, 0xE1, 0xDA,
    0xC3, 0xEC, 0x9F, 0x84, 0xCA, 0x65, 0x28, 0xFC, 0x87, 0xC2, 0x6D, 0x44, 0x91, 0x5D, 0x8C, 0xA2,
    0x78, 0x0B, 0x8A, 0x51, 0x57, 0xA1, 0x16, 0x49, 0x83, 0x79, 0xCF, 0xA1, 0x3C, 0x70, 0x38, 0x08,
    0xFC, 0x80, 0x70, 0xDE, 0x8B, 0x83, 0x78, 0x06, 0xBF, 0x20, 0x3C, 0x48, 0x18, 0xC2, 0x3D, 0xC8,
    0x8C, 0xEC, 0xFD, 0xF9, 0x4C, 0xC8, 0x81, 0x53, 0x87, 0x12, 0x56, 0x31, 0x28, 0x41, 0x07, 0xF3,
    0x27, 0x84, 0x2B, 0x81, 0x1C, 0xEC, 0xB0, 0x30, 0x82, 0x70, 0x51, 0xA3, 0x6C, 0x09, 0x6A, 0x84,
    0x02, 0x00, 0xBB, 0xBD, 0xBB, 0x43, 0x78, 0x9C, 0x63, 0x60, 0x60, 0x60, 0x70, 0xD8, 0xFE, 0xF6,
    0xFF, 0xB9, 0x2C, 0x66, 0x06, 0x08, 0x28, 0xFC, 0xF7, 0x1F, 0x04, 0xEE, 0xB3, 0x81, 0x79, 0x01,
    0x10, 0xDE, 0xFF, 0xFF, 0xEF, 0xC1, 0xF2, 0x3F, 0xFF, 0xC3, 0x40, 0x3D, 0x90, 0xB7, 0xE0, 0x3F,
    0x02, 0xB0, 0x33, 0x30, 0xFC, 0x40, 0xE2, 0xE6, 0x33, 0x18, 0x80, 0x4D, 0x51, 0x63, 0x08, 0xFC,
    0x05, 0x62, 0x30, 0x1E, 0x80, 0x2A, 0x62, 0x70, 0x00, 0x99, 0xC8, 0xF5, 0x19, 0xAC, 0x06, 0x04,
    0x40, 0x2C, 0x79, 0x90, 0x56, 0x2E, 0x30, 0x77, 0x02, 0x48, 0xE2, 0x0F, 0x90, 0x60, 0x02, 0x73,
    0x41, 0xA6, 0xCC, 0x07, 0xEA, 0xD8, 0x0F, 0x75, 0x1D, 0x90, 0xBB, 0xDF, 0xB0, 0xF4, 0x64, 0x1D,
    0x82, 0x7B, 0x9E, 0x01, 0x0E, 0x40, 0x8A, 0xF7, 0x23, 0xB8, 0x20, 0xA3, 0xFA, 0x11, 0xDC, 0xAF,
    0x40, 0xAE, 0x3D, 0x9C, 0x17, 0x00, 0x72, 0x0F, 0x0F, 0x9C, 0xFB, 0x1D, 0xC4, 0x65, 0x46, 0xD6,
    0x09, 0xF6, 0x21, 0x04, 0xFC, 0x06, 0x71, 0x39, 0x61, 0xBC, 0x8B, 0x20, 0xDE, 0x7A, 0x18, 0x4F,
    0xE0, 0xEF, 0x7F, 0xB8, 0xDB, 0x81, 0x60, 0xC3, 0x7F, 0x14, 0x4B, 0xBF, 0x81, 0xB8, 0x6C, 0x70,
    0x2E, 0xC8, 0xEB, 0xF1, 0xA8, 0x4E, 0x60, 0x41, 0x71, 0x2E, 0x42, 0x92, 0xE1, 0x00, 0x8A, 0xFB,
    0x18, 0x1E, 0x40, 0x83, 0x0F, 0x0A, 0x3E, 0x00, 0xB9, 0xAC, 0xA8, 0x5C, 0x16, 0x9C, 0x5C, 0x92,
    0x00, 0x48, 0x2F, 0x3F, 0x7D, 0xB9, 0x00, 0x32, 0x89, 0xE4, 0x3A, 0x78, 0x9C, 0x65, 0x54, 0x3D,
    0x4C, 0x14, 0x51, 0x10, 0x9E, 0xBD, 0x1F, 0x10, 0x01, 0x5D, 0x69, 0x35, 0xBA, 0x56, 0x96, 0x68,
    0x6F, 0xF4, 0x62, 0xA1, 0x51, 0x13, 0xB8, 0xD2, 0xCE, 0xF3, 0xA7, 0xB3, 0xD0, 0xC6, 0x42, 0x63,
    0x02, 0xBD, 0x09, 0xB7, 0x85, 0xB1, 0x85, 0x98, 0xD0, 0x69, 0xC0, 0x58, 0x59, 0x1D, 0x2D, 0x85,
    0x59, 0x35, 0x31, 0xDA, 0xE8, 0x81, 0x85, 0x36, 0x92, 0x85, 0x3B, 0xF4, 0xB8, 0xBF, 0x1D, 0x67,
    0xE6, 0xCD, 0xBE, 0x7B, 0xBB, 0x4C, 0xB1, 0x6F, 0x67, 0xBF, 0xD9, 0x99, 0x6F, 0xBE, 0x37, 0xEF,
    0x01, 0x58, 0xBB, 0xF7, 0xFE, 0x7B, 0x12, 0x7F, 0x78, 0x52, 0x82, 0x43, 0x76, 0xA7, 0x8F, 0x6A,
    0x0F, 0xF2, 0xD0, 0x2B, 0x1C, 0xD9, 0x72, 0x21, 0x03, 0xBD, 0x43, 0xD7, 0xEA, 0x2E, 0xB4, 0x88,
    0x59, 0x9B, 0x1B, 0x41, 0xE7, 0x87, 0x39, 0x0C, 0xC7, 0x2C, 0xB6, 0x2F, 0xFE, 0x9B, 0x6B, 0x33,
    0x9E, 0x7F, 0xE5, 0xE5, 0x30, 0x93, 0xB5, 0xC6, 0x5E, 0x74, 0x4E, 0x3D, 0xFF, 0x2B, 0xBB, 0xE3,
    0xEA, 0xFD, 0x65, 0xC8, 0x69, 0xEB, 0x17, 0xF9, 0xB7, 0xB5, 0x1A, 0xBD, 0xC6, 0x6E, 0xC7, 0x7E,
    0x8F, 0x3E, 0x78, 0xF2, 0xBA, 0x4D, 0xD8, 0xC9, 0x4C, 0x47, 0x8F, 0xE8, 0xCB, 0x51, 0x79, 0xEB,
    0x6B, 0xE9, 0x17, 0x7F, 0xF0, 0x99, 0x89, 0x86, 0x0E, 0xE2, 0x65, 0x5E, 0xAB, 0x14, 0x74, 0x84,
    0xD6, 0x2F, 0x28, 0x65, 0xDA, 0xF4, 0x2C, 0x85, 0x88, 0x0D, 0xC6, 0xB6, 0x48, 0x24, 0x5A, 0xDE,
    0x6A, 0x63, 0x4C, 0x0C, 0x60, 0x80, 0xC8, 0xC2, 0x1D, 0x20, 0x4E, 0x01, 0x04, 0xDA, 0xFE, 0x2C,
    0xB9, 0x4D, 0xE0, 0xBF, 0x39, 0x17, 0x4A, 0xC8, 0xB6, 0x0A, 0x12, 0x51, 0xF5, 0x35, 0x80, 0x15,
    0xC4, 0x69, 0xE1, 0xC4, 0x4C, 0x06, 0x8E, 0x60, 0x0B, 0x00, 0x15, 0xCA, 0x20, 0xE5, 0x8E, 0xE5,
    0xC4, 0x66, 0x8A, 0x09, 0x77, 0xBF, 0x2F, 0xFA, 0x30, 0x3B, 0xBC, 0xE1, 0xDD, 0x4D, 0x78, 0x3D,
    0x4E, 0x58, 0x8F, 0xB3, 0x75, 0x11, 0x3D, 0xE9, 0x11, 0x2F, 0xD1, 0xA7, 0x4F, 0x8C, 0x4D, 0x4B,
    0x87, 0x0D, 0xFE, 0x79, 0x4D, 0xD2, 0x63, 0xCC, 0xA4, 0x03, 0xC6, 0x26, 0x44, 0xE3, 0x88, 0xC5,
    0x9C, 0x07, 0xD8, 0xD0, 0x2A, 0x26, 0xC1, 0x98, 0x6C, 0x5B, 0x93, 0x69, 0x52, 0xFA, 0x96, 0x46,
    0x4B, 0xB7, 0x58, 0x54, 0x8C, 0xD4, 0x99, 0x34, 0x5F, 0xCC, 0x00, 0xFD, 0x13, 0x59, 0x4C, 0xCE,
    0x0D, 0xA1, 0x39, 0x50, 0xFD, 0x04, 0x8B, 0xCC, 0xDA, 0x80, 0x5D, 0xC4, 0xB2, 0x68, 0xF3, 0x10,
    0xD2, 0x9C, 0xAC, 0x2E, 0xD1, 0x5F, 0x86, 0x3D, 0x4E, 0xC6, 0xBB, 0x3B, 0x6B, 0xB0, 0x9E, 0x46,
    0x0D, 0x69, 0x69, 0x71, 0xFA, 0x9A, 0x36, 0x2C, 0x7A, 0x08, 0xE1, 0x80, 0x97, 0x36, 0x63, 0xBC,
    0xCF, 0x53, 0x76, 0x3E, 0x38, 0x6A, 0x91, 0x95, 0x6C, 0x63, 0x6C, 0xD4, 0x9C, 0x14, 0x2C, 0xD4,
    0xA8, 0x2D, 0x1E, 0x0A, 0xC1, 0x42, 0xFB, 0xDF, 0xAE, 0x36, 0x7A, 0xC0, 0x5D, 0x4A, 0xBD, 0x50,
    0x45, 0x94, 0x41, 0x61, 0x59, 0x02, 0xE9, 0xA4, 0x95, 0xD6, 0x3B, 0x03, 0xA9, 0x9C, 0x05, 0xD1,
    0x70, 0x5E, 0x92, 0x78, 0xC2, 0x73, 0x81, 0xB1, 0x8F, 0x68, 0x64, 0xE9, 0x49, 0x7D, 0x2A, 0x5A,
    0x32, 0xE1, 0x25, 0x1D, 0x9A, 0x48, 0x26, 0x82, 0xFF, 0x5E, 0x97, 0xA1, 0xE1, 0x2D, 0xAD, 0x17,
    0x2E, 0x74, 0x39, 0xA6, 0x01, 0xFE, 0xC0, 0x08, 0x10, 0x0A, 0xC3, 0x8E, 0x33, 0x11, 0xF1, 0x89,
    0x8E, 0x92, 0xAD, 0x0A, 0x8B, 0xBD, 0xFC, 0xF9, 0x13, 0xE5, 0x7D, 0x61, 0x51, 0xCD, 0x63, 0xE6,
    0x34, 0x0C, 0xB8, 0x79, 0xE8, 0xEA, 0xF4, 0xE9, 0x04, 0xD7, 0xED, 0xB1, 0x18, 0xB3, 0x33, 0x38,
    0x6E, 0x0A, 0x37, 0x8B, 0x06, 0xA3, 0x52, 0xA7, 0xD3, 0x93, 0x32, 0x27, 0x83, 0x83, 0x51, 0x59,
    0xCF, 0x5A, 0x28, 0x33, 0x0E, 0xB0, 0xBA, 0x13, 0xF3, 0xA5, 0xF3, 0x0D, 0x7F, 0x3C, 0xB5, 0xD7,
    0x4B, 0x80, 0xEE, 0xAD, 0x60, 0xED, 0xA7, 0xF0, 0xEF, 0xDA, 0xC3, 0xED, 0x98, 0x3F, 0x14, 0x4D,
    0xF8, 0x04, 0x95, 0xF3, 0xD8, 0x67, 0x94, 0x71, 0xAF, 0x61, 0xEE, 0x92, 0x22, 0xAB, 0x24, 0x9A,
    0x8C, 0x7B, 0xBB, 0x98, 0xC5, 0xBA, 0xE9, 0x2C, 0xAF, 0x33, 0xEF, 0x9B, 0x6E, 0xB1, 0xDF, 0xA8,
    0x53, 0xAA, 0xE7, 0x72, 0xA9, 0x98, 0x42, 0xD5, 0x1E, 0xFB, 0xA7, 0x8C, 0xB3, 0x62, 0x44, 0x79,
    0x7E, 0x75, 0x06, 0xFC, 0xB3, 0xF7, 0x37, 0xC5, 0x89, 0xF4, 0x36, 0xC9, 0x6C, 0x91, 0xDA, 0x84,
    0xED, 0xBF, 0x9F, 0x87, 0x9C, 0x0B, 0xB4, 0x9A, 0xBB, 0x40, 0xEB, 0xDE, 0x08, 0x83, 0x4A, 0xCF,
    0x85, 0x96, 0x5C, 0x88, 0x78, 0xAF, 0x26, 0x76, 0x28, 0xAE, 0x1F, 0x92, 0x30, 0x78, 0xBC, 0xB9,
    0x93, 0x60, 0xF3, 0xF5, 0x2D, 0xBB, 0x0D, 0xFF, 0x01, 0xA1, 0xBB, 0xF0, 0x48, 0x78, 0x9C, 0x65,
    0x92, 0xEB, 0x51, 0x02, 0x41, 0x0C, 0x80, 0x57, 0x3C, 0x71, 0x44, 0x64, 0xE8, 0xE0, 0xEC, 0x80,
    0x12, 0xA0, 0x04, 0x3A, 0x90, 0x0E, 0xB0, 0x83, 0xA3, 0x03, 0xE8, 0x00, 0x4A, 0xB0, 0x03, 0xE9,
    0x00, 0x3B, 0xD0, 0x0E, 0xCE, 0xC3, 0xC7, 0x09, 0x02, 0x4B, 0x1E, 0x9B, 0xCB, 0x66, 0xC9, 0x8F,
    0x23, 0xF9, 0x98, 0x9D, 0x2F, 0x9B, 0xAC, 0x73, 0x1C, 0x1E, 0x62, 0xE8, 0x6C, 0x4C, 0x10, 0x2E,
    0x13, 0xB8, 0x46, 0xE8, 0x13, 0xB8, 0x25, 0xD8, 0xB6, 0x70, 0x47, 0xB0, 0x6B, 0xE1, 0xC9, 0x5F,
    0x9A, 0xC6, 0xC4, 0x12, 0xD3, 0x0B, 0x43, 0x6B, 0xAA, 0x02, 0x34, 0xA6, 0x3A, 0x40, 0x63, 0x3A,
    0x02, 0xC0, 0x06, 0x06, 0x11, 0x1B, 0x41, 0x5D, 0x7E, 0x24, 0xA6, 0x15, 0xD6, 0xB3, 0xC4, 0x84,
    0x9E, 0xE1, 0x23, 0xC2, 0x1B, 0x85, 0xBF, 0x50, 0x3E, 0xB8, 0x83, 0x35, 0x61, 0x79, 0x4B, 0x7F,
    0xA9, 0x89, 0x0E, 0x5E, 0xB9, 0x4F, 0xF8, 0xCE, 0x1B, 0xB8, 0x80, 0xEA, 0x95, 0x75, 0x65, 0x03,
    0xB1, 0x99, 0x27, 0x6E, 0x4C, 0x4D, 0x3F, 0x50, 0xF4, 0xC2, 0x15, 0xEE, 0x05, 0xFE, 0x43, 0x71,
    0x07, 0xBF, 0x7F, 0x91, 0xA9, 0x8F, 0xC7, 0xAE, 0x43, 0xBB, 0x62, 0x7A, 0x86, 0xFC, 0x5D, 0x06,
    0x28, 0xA6, 0x37, 0xC8, 0x0B, 0x4C, 0xC6, 0x91, 0xE9, 0x1B, 0xD2, 0x9C, 0x32, 0xAF, 0xA6, 0xBD,
    0x8F, 0x63, 0xA0, 0x1E, 0x0D, 0x36, 0x4D, 0x2C, 0x64, 0xD3, 0xDA, 0x42, 0x9F, 0x21, 0xFC, 0x4A,
    0x20, 0x99, 0x76, 0x09, 0xA4, 0x46, 0x4E, 0x09, 0x2C, 0xA4, 0xE3, 0x56, 0x34, 0xAF, 0x32, 0xDC,
    0x6D, 0x23, 0xA3, 0x99, 0x05, 0x53, 0x25, 0x97, 0x6C, 0x76, 0xD0, 0xE1, 0x79, 0xE5, 0x66, 0x5B,
    0x39, 0x7B, 0x74, 0x87, 0x35, 0x9D, 0xA3, 0x1D, 0xE8, 0xBB, 0xAA, 0x68, 0x8C, 0x2B, 0xDE, 0xA4,
    0x04, 0xBD, 0xC9, 0xAC, 0xE2, 0x4D, 0x4A, 0x50, 0x83, 0x1D, 0x7C, 0x01, 0x53, 0x85, 0x34, 0xD2,
    0xFC, 0x60, 0xE4, 0x3C, 0xDC, 0xE2, 0x0C, 0x0E, 0xC3, 0x81, 0xA0, 0x78, 0x9C, 0xFB, 0xF3, 0x1F,
    0x06, 0xEE, 0xAD, 0x31, 0x67, 0x00, 0x81, 0x3F, 0xFF, 0x91, 0x40, 0x1C, 0x86, 0xC8, 0x7F, 0x19,
    0x0C, 0x91, 0xFB, 0x4C, 0xE8, 0x22, 0xFF, 0x79, 0x30, 0x44, 0xFA, 0x31, 0x44, 0xFE, 0x33, 0x82,
    0x45, 0xB8, 0x40, 0x56, 0x08, 0x04, 0xFD, 0x06, 0x89, 0xB0, 0x23, 0x44, 0x18, 0x18, 0x12, 0x40,
    0x22, 0xDC, 0xC8, 0x22, 0x0C, 0x20, 0x45, 0x7C, 0x28, 0x22, 0x5F, 0x81, 0x6C, 0x7E, 0x14, 0x91,
    0xCF, 0x18, 0x6A, 0x40, 0x22, 0xBC, 0x28, 0x22, 0xDF, 0x80, 0x6C, 0x4E, 0x14, 0x91, 0xBF, 0x40,
    0x36, 0x0B, 0xB2, 0xC8, 0x04, 0x20, 0xF3, 0x3C, 0x03, 0x92, 0x0B, 0x8B, 0x41, 0x4A, 0xEC, 0x31,
    0x7C, 0xC1, 0x8E, 0x2E, 0x52, 0x8F, 0x1E, 0x3E, 0xE7, 0x99, 0xD1, 0x45, 0xDE, 0x4B, 0x60, 0x84,
    0x21, 0xA6, 0x39, 0xFF, 0xF7, 0x63, 0x86, 0x18, 0x52, 0x68, 0x08, 0x06, 0xBF, 0x80, 0xD8, 0x86,
    0xEC, 0x8B, 0x1F, 0xE0, 0x60, 0x45, 0x16, 0x99, 0x00, 0x36, 0x1B, 0x59, 0x44, 0x00, 0x6C, 0x10,
    0xB2, 0x08, 0xD8, 0x08, 0x3E, 0x14, 0x91, 0x5F, 0xA0, 0x60, 0x45, 0x11, 0xF9, 0x8D, 0x21, 0xF2,
    0x0F, 0x5D, 0x57, 0x02, 0x86, 0xC9, 0x5F, 0xD1, 0x6C, 0x57, 0xDC, 0x0A, 0xF6, 0x06, 0x13, 0xBA,
    0xBF, 0xD6, 0x63, 0xF8, 0x54, 0x1F, 0x43, 0x84, 0x8D, 0x70, 0x8A, 0x62, 0x43, 0x17, 0xD1, 0x42,
    0x0E, 0xE7, 0xF7, 0xEF, 0xCE, 0x76, 0x8B, 0x82, 0x5C, 0x01, 0x00, 0xA8, 0x1D, 0xE7, 0x4A, 0x78,
    0x9C, 0xA5, 0x92, 0xBD, 0x2E, 0x04, 0x51, 0x14, 0xC7, 0xCF, 0x0C, 0x1B, 0x44, 0xC8, 0xBC, 0x81,
    0x79, 0x01, 0xB1, 0x2A, 0x5B, 0xB1, 0xA5, 0x78, 0x02, 0x3A, 0x6F, 0xC0, 0x1B, 0xAC, 0x42, 0xBD,
    0x34, 0x6A, 0xFB, 0x02, 0x42, 0xA3, 0xD6, 0x49, 0x14, 0x42, 0xAF, 0xA0, 0x50, 0x28, 0x24, 0xC3,
    0x08, 0xD6, 0x2C, 0x7B, 0xDC, 0xF3, 0x71, 0x3F, 0x4E, 0x94, 0xFE, 0xC5, 0x64, 0xEE, 0x2F, 0xE7,
    0x9E, 0x8F, 0xFF, 0xB9, 0x00, 0xAC, 0xFD, 0xBB, 0x31, 0x5E, 0x6F, 0x65, 0x10, 0xD4, 0x6E, 0x90,
    0x75, 0x31, 0xE9, 0x49, 0x39, 0x42, 0xD5, 0x4D, 0xAE, 0xE8, 0x03, 0x83, 0x76, 0x84, 0x1C, 0x62,
    0xA2, 0x69, 0x46, 0x4D, 0x8A, 0x7A, 0x44, 0xF6, 0xD0, 0x88, 0x2A, 0xBC, 0xD3, 0x4F, 0xD5, 0xC9,
    0xCA, 0x4B, 0x46, 0x73, 0x00, 0xC5, 0x98, 0x7E, 0xA6, 0x28, 0xFE, 0x51, 0x0B, 0xF0, 0xBD, 0x35,
    0x4E, 0x5A, 0xFC, 0x50, 0x3C, 0xC0, 0x2B, 0xA1, 0x09, 0xA9, 0x5D, 0x4B, 0xB2, 0x4F, 0x5F, 0xC6,
    0x69, 0x97, 0xD0, 0x0C, 0x50, 0xF0, 0xBC, 0x9F, 0xC3, 0xF5, 0xBF, 0x99, 0x95, 0xB1, 0x3F, 0xA7,
    0xAB, 0x75, 0xF7, 0xD9, 0x4E, 0x52, 0xA9, 0x06, 0x52, 0x24, 0xD5, 0x2D, 0x79, 0x62, 0xD1, 0x8B,
    0x43, 0xC7, 0x16, 0x51, 0x5B, 0x07, 0x16, 0xD5, 0xD1, 0x24, 0xAF, 0xB7, 0xFF, 0xA0, 0x9E, 0x45,
    0xF5, 0xDF, 0x8A, 0xD4, 0xD7, 0xA9, 0x45, 0x0F, 0xB4, 0x3D, 0x8B, 0xCE, 0x68, 0xEC, 0x70, 0x3A,
    0x6F, 0x81, 0xFA, 0x1C, 0x9C, 0x68, 0x70, 0x03, 0xA0, 0x6B, 0xFC, 0x72, 0xAB, 0xE9, 0xE7, 0x80,
    0x89, 0xAB, 0x6C, 0xDE, 0x2C, 0x7C, 0x25, 0x8D, 0x91, 0x53, 0xD8, 0x92, 0xAD, 0x68, 0xB2, 0xA1,
    0xD4, 0x22, 0x5B, 0x71, 0x35, 0xDE, 0x73, 0xE6, 0xF1, 0x3E, 0x64, 0xDB, 0x1C, 0xB4, 0x00, 0xFA,
    0xBA, 0xEE, 0x3B, 0xD9, 0xF2, 0x53, 0x78, 0x4D, 0x03, 0xF3, 0x70, 0x64, 0x92, 0x51, 0x8A, 0x96,
    0xE2, 0x4C, 0xAA, 0x2A, 0xAD, 0x2D, 0x5A, 0xD4, 0x0E, 0xDB, 0xDF, 0x9E, 0x44, 0xE7, 0xBA, 0x9A,
    0xAE, 0x9F, 0x07, 0x04, 0xC5, 0xD1, 0x33, 0x56, 0x27, 0x2B, 0x72, 0xF8, 0x05, 0x72, 0xC7, 0x5C,
    0x71, 0x78, 0x9C, 0xFB, 0xFB, 0x1F, 0x0A, 0xEE, 0xCD, 0x56, 0x63, 0x00, 0x83, 0xBF, 0xFF, 0x11,
    0x20, 0x07, 0x43, 0xE4, 0xBF, 0x2D, 0x86, 0xC8, 0x7F, 0x36, 0x0C, 0x91, 0x7A, 0x0C, 0x91, 0xFF,
    0xAC, 0x18, 0x22, 0xFA, 0x10, 0x11, 0x4E, 0xA0, 0x5A, 0xC5, 0x16, 0xB0, 0xDC, 0x79, 0x84, 0x08,
    0x03, 0x83, 0xC3, 0x3F, 0x88, 0x36, 0x84, 0x08, 0xC3, 0x41, 0x90, 0x08, 0x2F, 0xB2, 0x88, 0x00,
    0x48, 0x91, 0x3F, 0xB2, 0x08, 0xC3, 0x57, 0x20, 0x7B, 0x3D, 0x8A, 0xC8, 0x03, 0x20, 0xFB, 0x3D,
    0x8A, 0x48, 0x03, 0xC8, 0x20, 0x66, 0x64, 0x11, 0x07, 0xB0, 0x47, 0x90, 0x45, 0x04, 0x40, 0x22,
    0x9C, 0xC8, 0x22, 0x0C, 0x20, 0xCB, 0xB8, 0x51, 0x44, 0x40, 0x1C, 0x1E, 0x14, 0x91, 0xDF, 0x40,
    0x0E, 0x1F, 0x86, 0x08, 0x3F, 0x01, 0x91, 0x5F, 0x44, 0xA8, 0xC1, 0x34, 0x19, 0xC4, 0xE1, 0xC5,
    0x70, 0x21, 0xAA, 0x7B, 0x40, 0xBE, 0xE0, 0x42, 0x16, 0x31, 0x00, 0x89, 0xB0, 0x23, 0x8B, 0x14,
    0x60, 0x84, 0xC6, 0x01, 0x90, 0x08, 0x4A, 0x88, 0x7D, 0xC2, 0x08, 0xD5, 0xDF, 0xE8, 0x21, 0x9F,
    0x80, 0x11, 0x3B, 0x3F, 0x51, 0x63, 0x50, 0x20, 0xE8, 0x17, 0x52, 0x2C, 0x63, 0xA6, 0x04, 0xD4,
    0x24, 0x85, 0x2A, 0xD2, 0xCF, 0x40, 0x30, 0xD5, 0xE9, 0x30, 0xA0, 0x89, 0x78, 0x33, 0xA0, 0x88,
    0xDC, 0xEB, 0x16, 0x85, 0x38, 0x0B, 0x00, 0xF2, 0x57, 0xAA, 0x77, 0x78, 0x9C, 0xFB, 0xF3, 0x1F,
    0x05, 0xF0, 0xFF, 0xA1, 0x03, 0x9F, 0x93, 0x01, 0x01, 0x06, 0x03, 0x1F, 0x01, 0xEA, 0xE9, 0xC2,
    0x1F, 0x68, 0xFF, 0x52, 0x2F, 0xBC, 0xFE, 0x9F, 0xA7, 0x35, 0x1F, 0x00, 0xD4, 0x48, 0x90, 0x52,
    0x78, 0x9C, 0xFB, 0xFD, 0x1F, 0x19, 0x70, 0xFF, 0xA6, 0x29, 0x97, 0x8B, 0x01, 0x0E, 0x06, 0x11,
    0x17, 0x0E, 0x68, 0xCD, 0x1D, 0x24, 0xFE, 0x1D, 0x04, 0x5C, 0x00, 0xD0, 0xB2, 0x2C, 0xA0, 0x78,
    0x9C, 0x5D, 0x92, 0xBD, 0x4A, 0x03, 0x41, 0x10, 0x80, 0x37, 0xF1, 0x0F, 0x7F, 0x90, 0x7B, 0x01,
    0x31, 0x8D, 0xAD, 0xC4, 0xC7, 0xB0, 0x4A, 0xEC, 0xB4, 0x11, 0xDB, 0x54, 0xE6, 0x09, 0x62, 0xDE,
    0x40, 0xB1, 0xB0, 0xF4, 0xD4, 0x17, 0x88, 0x60, 0x93, 0x26, 0x44, 0x04, 0xB5, 0x54, 0x44, 0x6C,
    0x83, 0x98, 0x52, 0x59, 0x2F, 0x16, 0x46, 0x48, 0x6E, 0xDC, 0x99, 0xD9, 0x9F, 0x9B, 0x9D, 0xE2,
    0x76, 0xF6, 0xBB, 0x9D, 0xFF, 0x51, 0x8A, 0x64, 0xA7, 0xFB, 0x05, 0xBA, 0xB7, 0x5B, 0x52, 0x41,
    0xEE, 0x81, 0xE5, 0x69, 0xDE, 0xA3, 0x57, 0x70, 0xA2, 0x1D, 0xBC, 0x84, 0x20, 0x7D, 0x36, 0xAF,
    0x4C, 0x0B, 0x0C, 0xD6, 0x88, 0x7D, 0x14, 0x11, 0x0C, 0x10, 0x25, 0xB9, 0x60, 0xB0, 0x64, 0xD8,
    0x33, 0x69, 0xE7, 0x1B, 0xA5, 0xAD, 0x07, 0xD2, 0x6A, 0x86, 0x8D, 0x51, 0x69, 0x91, 0x97, 0x21,
    0xE5, 0x63, 0x22, 0x90, 0x13, 0x8E, 0x96, 0x4C, 0xF0, 0x32, 0xAB, 0xAE, 0xF1, 0x58, 0xB1, 0x59,
    0xBD, 0xE3, 0x65, 0x51, 0x8D, 0xF0, 0x70, 0x35, 0xD5, 0xF1, 0xB2, 0xAA, 0xFE, 0xCC, 0xF7, 0xD0,
    0x57, 0x34, 0x81, 0x41, 0xA3, 0xAC, 0x72, 0xFA, 0xE3, 0xE4, 0x6D, 0xCF, 0x98, 0x54, 0xF1, 0xF5,
    0x82, 0x12, 0xD2, 0x46, 0x56, 0x96, 0x8C, 0xC2, 0x4A, 0x44, 0x55, 0xF4, 0x23, 0xF6, 0x6D, 0x58,
    0x1A, 0xB1, 0xCC, 0xB0, 0xE3, 0x88, 0x61, 0xCA, 0x47, 0xA4, 0x35, 0x5D, 0x63, 0xD2, 0x1F, 0x9F,
    0xB2, 0x64, 0xF1, 0xBB, 0x91, 0xF7, 0x17, 0x58, 0xE6, 0xE3, 0x06, 0x86, 0xB9, 0x74, 0x22, 0x76,
    0x8B, 0x43, 0x8D, 0xD8, 0x45, 0xB1, 0x7D, 0x5C, 0x56, 0x7A, 0x80, 0x6C, 0x4E, 0x32, 0x1A, 0xC7,
    0xB2, 0x64, 0x0A, 0x97, 0x60, 0x3D, 0x62, 0xBF, 0xA2, 0x09, 0xCC, 0x32, 0x1E, 0x9F, 0x60, 0x27,
    0xC8, 0x36, 0x1D, 0x1B, 0x13, 0x4B, 0x90, 0xE9, 0x19, 0x46, 0x77, 0xC0, 0x9E, 0xD0, 0xA1, 0x2D,
    0xF9, 0x0A, 0x2C, 0xA3, 0x89, 0x40, 0xC7, 0xEC, 0xD0, 0x23, 0x38, 0x16, 0xEF, 0x1A, 0xD9, 0xBC,
    0x44, 0x0C, 0x17, 0x90, 0xB7, 0xC9, 0xCB, 0x3E, 0xB9, 0x6E, 0x0B, 0x4B, 0xDB, 0x90, 0x9B, 0x80,
    0x5A, 0xBE, 0x47, 0xA7, 0x36, 0x8E, 0xDE, 0x2E, 0x8C, 0xB4, 0x7A, 0xF6, 0x99, 0xEB, 0x5E, 0x83,
    0x17, 0xE7, 0x1F, 0xC8, 0x42, 0xC2, 0x44, 0x78, 0x9C, 0xFB, 0xF3, 0xFF, 0xFF, 0x7F, 0x2E, 0x06,
    0x08, 0xF8, 0x00, 0x64, 0xD7, 0xFF, 0x19, 0x15, 0xC0, 0x10, 0x40, 0x06, 0x74, 0x14, 0x18, 0x2C,
    0xDE, 0x1F, 0x1A, 0x02, 0x00, 0xE3, 0x17, 0x9A, 0x31, 0x78, 0x9C, 0xFB, 0xF0, 0xFF, 0xFF, 0xFF,
    0xF8, 0x0F, 0xC3, 0x89, 0x00, 0x00, 0x94, 0x30, 0xB4, 0x79, 0x78, 0x9C, 0x63, 0x60, 0x80, 0x82,
    0x03, 0xFF, 0xFF, 0xFF, 0x9F, 0xCF, 0x30, 0xCA, 0xA3, 0x17, 0xAF, 0x1F, 0x07, 0xEF, 0x02, 0x88,
    0x27, 0x10, 0x3C, 0xFD, 0x36, 0x2F, 0x8C, 0x57, 0xFF, 0x01, 0x48, 0xF0, 0x83, 0x78, 0x20, 0x46,
    0xFE, 0x03, 0x20, 0xA1, 0x0F, 0xE3, 0xC5, 0x83, 0x14, 0xE4, 0x83, 0x78, 0x5F, 0x40, 0xC2, 0x0B,
    0x80, 0xC4, 0x79, 0x10, 0xEF, 0x07, 0x48, 0x4B, 0x01, 0x90, 0xF8, 0xCF, 0xCE, 0xC0, 0xA0, 0x00,
    0xA2, 0xB9, 0xC1, 0xE4, 0x7A, 0x66, 0x85, 0xE7, 0x20, 0x9A, 0x8D, 0xE1, 0xCF, 0x7F, 0x38, 0x78,
    0x0F, 0xD1, 0x0D, 0x05, 0xF1, 0x0C, 0x0C, 0x13, 0x10, 0x3C, 0x2E, 0xA0, 0x61, 0x70, 0xA5, 0xFB,
    0x41, 0x46, 0x2F, 0x80, 0xF1, 0x38, 0xC0, 0xEE, 0x3D, 0x02, 0xE1, 0x58, 0x43, 0x9D, 0x5F, 0x7C,
    0xFB, 0xDF, 0xFB, 0xB5, 0x62, 0x20, 0x16, 0x00, 0x02, 0x04, 0xF7, 0x6C, 0x78, 0x9C, 0x65, 0xD2,
    0xDB, 0x11, 0xC1, 0x50, 0x10, 0x06, 0xE0, 0x75, 0x19, 0x41, 0xC2, 0x68, 0x80, 0x12, 0x28, 0xC0,
    0x03, 0x25, 0xE8, 0x80, 0x4E, 0xA2, 0x03, 0x3A, 0xA0, 0x03, 0x3A, 0x88, 0x0E, 0xE8, 0x20, 0x3A,
    0xC8, 0x8C, 0x6B, 0xC4, 0xE5, 0x98, 0xDD, 0x0D, 0xFE, 0xE3, 0x9C, 0x87, 0x4C, 0xE6, 0x9B, 0xFF,
    0x4C, 0x36, 0xBB, 0x9B, 0x19, 0x63, 0x7C, 0xD2, 0xB3, 0x31, 0x7C, 0xBC, 0x0C, 0xE8, 0xCE, 0x12,
    0x12, 0xD0, 0x5A, 0x42, 0x55, 0x24, 0x09, 0x2D, 0x08, 0x68, 0x29, 0xA1, 0x1A, 0xD2, 0x8D, 0x65,
    0x45, 0x40, 0x73, 0x09, 0xF9, 0x48, 0x29, 0x4B, 0x44, 0x40, 0x53, 0x09, 0x05, 0x48, 0x57, 0x96,
    0x2D, 0x01, 0x4D, 0x24, 0xD4, 0x46, 0xBA, 0xB0, 0xC4, 0x05, 0xA0, 0x11, 0x84, 0x72, 0x3A, 0xB3,
    0x24, 0x45, 0xA0, 0xA1, 0x84, 0xBA, 0x04, 0x74, 0xC2, 0x90, 0x50, 0xDF, 0x68, 0x57, 0x80, 0x9E,
    0x42, 0x49, 0x01, 0x28, 0x3F, 0x75, 0x97, 0xC6, 0x2E, 0x25, 0x2E, 0x71, 0xFB, 0x80, 0x22, 0x7E,
    0x0C, 0x2C, 0xAA, 0xF0, 0x57, 0x63, 0xA4, 0x90, 0x8E, 0x3A, 0x9D, 0x1F, 0x79, 0x3A, 0x8C, 0xDE,
    0x8F, 0x66, 0x44, 0x2D, 0xBB, 0x85, 0x72, 0x21, 0xD5, 0x74, 0x4E, 0x0B, 0x7E, 0xD9, 0x7F, 0x6F,
    0x66, 0x9F, 0x21, 0x8C, 0x9C, 0x09, 0x11, 0x3D, 0xA4, 0x18, 0x8B, 0xA4, 0x8C, 0x8E, 0x45, 0x73,
    0x67, 0x01, 0xA8, 0xF5, 0x62, 0x2B, 0x23, 0xE9, 0xE0, 0x9A, 0x16, 0xED, 0x8C, 0xF9, 0xDB, 0x2F,
    0xD2, 0x39, 0x95, 0x90, 0x74, 0x0D, 0x1B, 0x16, 0x1D, 0xF4, 0x7F, 0x91, 0x74, 0xA1, 0x8A, 0x48,
    0x24, 0x65, 0x04, 0x16, 0xC9, 0x6A, 0x84, 0x6F, 0x1A, 0xC4, 0xA0, 0x98, 0x78, 0x9C, 0xFB, 0xF1,
    0xFF, 0xFF, 0x7F, 0x5E, 0x06, 0x38, 0xF8, 0x31, 0xCA, 0x1D, 0xE1, 0x5C, 0x04, 0x58, 0x4F, 0x3B,
    0x2E, 0x00, 0xE9, 0x0C, 0xF2, 0x7D, 0x78, 0x9C, 0x5D, 0xD2, 0x8B, 0x51, 0xC3, 0x30, 0x0C, 0x06,
    0x60, 0x71, 0x0D, 0x47, 0x68, 0x81, 0xB2, 0x01, 0x6C, 0x00, 0x23, 0x74, 0x83, 0xB0, 0x01, 0x6C,
    0x40, 0x47, 0xE8, 0x06, 0x61, 0x83, 0xB2, 0x01, 0x8C, 0xD0, 0x0D, 0xC2, 0x06, 0xB0, 0x41, 0x9F,
    0x40, 0x79, 0x45, 0xE8, 0x97, 0x1C, 0xDB, 0x8A, 0xEF, 0x12, 0xC7, 0xDF, 0xF9, 0x9C, 0x3F, 0x8A,
    0x5A, 0xC6, 0x38, 0x21, 0x1D, 0x53, 0x5D, 0xF0, 0xA0, 0xD5, 0x69, 0x6C, 0xB8, 0x70, 0x58, 0x19,
    0xAE, 0x1C, 0xCE, 0x0D, 0x77, 0x0E, 0x5F, 0x0D, 0xF7, 0x0E, 0xF9, 0x40, 0xF1, 0xD7, 0xE3, 0x21,
    0xEC, 0x9C, 0x3D, 0x0E, 0x81, 0x37, 0x3D, 0x3C, 0x03, 0x3E, 0x64, 0xB8, 0x94, 0xF9, 0x0A, 0xF8,
    0x22, 0x0F, 0x7F, 0x1D, 0xFE, 0x30, 0xDF, 0x03, 0xD7, 0x02, 0xDF, 0x1D, 0x7E, 0x32, 0x3F, 0x01,
    0xDF, 0x99, 0x9B, 0xAF, 0x0E, 0xB7, 0x72, 0x01, 0x05, 0xEA, 0x88, 0xF8, 0xBA, 0x81, 0xA0, 0x9C,
    0x57, 0x45, 0x7C, 0x96, 0x87, 0x23, 0xA2, 0x4B, 0x54, 0x26, 0x22, 0x2A, 0x36, 0x22, 0xBA, 0x43,
    0x0D, 0x23, 0x5E, 0x5B, 0xF1, 0x1E, 0x65, 0x2A, 0x23, 0x92, 0x15, 0xEF, 0x4D, 0xA6, 0x22, 0xA1,
    0x04, 0xAD, 0x89, 0x36, 0xB2, 0xA6, 0x84, 0x12, 0xB4, 0x21, 0xFA, 0xC0, 0x3D, 0xE1, 0x16, 0x7B,
    0x6C, 0x7F, 0x42, 0x04, 0x2D, 0xEC, 0xE4, 0x84, 0x08, 0x7A, 0x6C, 0x19, 0x12, 0x22, 0xE8, 0xE9,
    0x54, 0x7F, 0x75, 0x42, 0x6C, 0xBA, 0xC0, 0xF6, 0x32, 0x43, 0x1C, 0x77, 0x6B, 0x07, 0x67, 0x28,
    0x2F, 0x9E, 0xEF, 0x34, 0x42, 0x86, 0x12, 0x74, 0xB9, 0xD7, 0xB0, 0x19, 0x22, 0x68, 0xAB, 0x9F,
    0x95, 0x61, 0xE8, 0x97, 0xCA, 0x61, 0xE8, 0xAC, 0xB1, 0xC3, 0x19, 0x77, 0x1D, 0x99, 0xE1, 0xC4,
    0xB0, 0x74, 0x48, 0x86, 0x85, 0x47, 0x6B, 0x2D, 0xF2, 0xA8, 0x4D, 0xD8, 0xF4, 0x50, 0xDB, 0xB5,
    0xEE, 0xE1, 0x2A, 0xC4, 0x74, 0xB8, 0x08, 0x31, 0x1D, 0xCE, 0x42, 0x4C, 0x87, 0x93, 0x10, 0xD3,
    0x21, 0x85, 0x98, 0x86, 0xFF, 0x00, 0x99, 0x58, 0xAF, 0x78, 0x9C, 0x5D, 0xD1, 0xED, 0x0D, 0x01,
    0x41, 0x10, 0x06, 0xE0, 0x39, 0x84, 0xF8, 0x4A, 0x4E, 0x03, 0xA2, 0x03, 0x3A, 0xB8, 0x12, 0xE8,
    0x80, 0x0E, 0x94, 0xE0, 0x7E, 0xFA, 0x47, 0x0B, 0x2A, 0xA0, 0x83, 0xD3, 0x01, 0x1D, 0xA0, 0x02,
    0x09, 0xCE, 0x47, 0x0E, 0x63, 0x26, 0x27, 0xBC, 0x79, 0x37, 0x99, 0xD9, 0xCD, 0x93, 0x99, 0x64,
    0x76, 0x37, 0x53, 0xD5, 0x86, 0xE4, 0x2B, 0xB6, 0x73, 0x94, 0x59, 0x1A, 0x33, 0x1C, 0x03, 0x02,
    0xAD, 0x32, 0x44, 0x0C, 0x1B, 0x06, 0x2D, 0x33, 0xB4, 0x19, 0x96, 0x0C, 0x5A, 0x64, 0x68, 0x32,
    0x4C, 0x18, 0x34, 0x60, 0xA8, 0x21, 0xBC, 0x2D, 0xFA, 0x08, 0xA9, 0xC5, 0x0E, 0x61, 0xE1, 0x3D,
    0x15, 0x80, 0x96, 0x43, 0x17, 0x20, 0xB8, 0x5A, 0x4A, 0x10, 0xB6, 0x5E, 0x52, 0x02, 0xE8, 0xE5,
    0xC3, 0xFE, 0x41, 0x1E, 0x96, 0x67, 0x08, 0x07, 0x2F, 0x29, 0x00, 0x8C, 0x1C, 0xEA, 0x00, 0xF2,
    0xB4, 0x6D, 0x88, 0x70, 0xF6, 0xDF, 0x40, 0x98, 0x7B, 0xCF, 0x14, 0x20, 0xF4, 0x0B, 0x26, 0x00,
    0x92, 0x7E, 0x9F, 0xE1, 0x07, 0x6B, 0x86, 0x0E, 0x83, 0xDC, 0x19, 0xF6, 0x0C, 0x03, 0x06, 0xC9,
    0x18, 0x4E, 0x0C, 0x31, 0x83, 0xBC, 0x18, 0x2E, 0x0C, 0x2B, 0x86, 0x90, 0x41, 0x6E, 0x0E, 0x1F,
    0xE1, 0x11, 0xC3, 0x0E, 0x78, 0x9C, 0x75, 0x93, 0x4D, 0x4E, 0x02, 0x41, 0x10, 0x85, 0x4B, 0xE3,
    0x44, 0x10, 0x62, 0x3A, 0x71, 0x6D, 0x32, 0x17, 0x30, 0xB8, 0x26, 0x1A, 0xDD, 0x1B, 0xA3, 0xF1,
    0x00, 0xCA, 0x0D, 0x30, 0xD1, 0x25, 0x9C, 0x80, 0x85, 0xDC, 0x00, 0x6E, 0xA0, 0x37, 0x70, 0xEF,
    0x66, 0x3C, 0x81, 0xAE, 0x5D, 0x29, 0x82, 0x10, 0x07, 0x32, 0x6D, 0xD7, 0x4F, 0x77, 0xF5, 0x20,
    0xBC, 0x0D, 0xD5, 0xDF, 0xD0, 0x5D, 0xAF, 0xDF, 0xD4, 0x00, 0x90, 0xEE, 0x5F, 0x0A, 0xFB, 0xD6,
    0xDB, 0x82, 0x48, 0x87, 0xB9, 0x65, 0x35, 0x95, 0xA5, 0x73, 0xEB, 0x75, 0x14, 0xE0, 0xCC, 0xAA,
    0x2A, 0xC2, 0x86, 0x11, 0xB3, 0xD9, 0x06, 0xC3, 0x3C, 0x86, 0x76, 0x9F, 0x58, 0xBF, 0xC4, 0x6C,
    0x46, 0xF0, 0x87, 0xEA, 0xCE, 0x9E, 0xB9, 0xE2, 0x2D, 0x3B, 0x8E, 0x19, 0xAA, 0x8E, 0xF1, 0xB1,
    0xF9, 0xC5, 0xF2, 0xC6, 0xB7, 0x19, 0xF0, 0xE9, 0xA7, 0x58, 0x7F, 0xBA, 0xE2, 0x1B, 0x8B, 0xAA,
    0x18, 0x99, 0xE0, 0x62, 0x9B, 0x7B, 0x67, 0xDE, 0xF1, 0x2D, 0xC2, 0x5D, 0x00, 0xFC, 0x69, 0x84,
    0x7B, 0x2C, 0xDC, 0xEA, 0x02, 0x2E, 0x7D, 0x43, 0x08, 0x56, 0x06, 0xEC, 0x52, 0xD3, 0xF9, 0xA2,
    0x4E, 0xAF, 0xD2, 0x2F, 0xBE, 0xF2, 0x26, 0x3E, 0x7A, 0x56, 0xD8, 0x42, 0x98, 0xA0, 0xA3, 0x87,
    0x28, 0x59, 0xF2, 0x34, 0x91, 0x3B, 0x88, 0xE8, 0x7E, 0xD5, 0x29, 0x79, 0x50, 0x21, 0xAC, 0x21,
    0x3C, 0x59, 0x86, 0xB3, 0x92, 0x77, 0x80, 0xC2, 0xAD, 0xEB, 0x6B, 0xE1, 0xBF, 0xED, 0x2B, 0x1B,
    0xE1, 0x65, 0xDB, 0xCB, 0x96, 0xC6, 0x1A, 0x31, 0x8A, 0x62, 0xAE, 0x8C, 0xE2, 0x38, 0x25, 0xD0,
    0x04, 0x03, 0xB1, 0x0A, 0x9F, 0x28, 0x10, 0x8A, 0x25, 0x09, 0x70, 0x44, 0xA1, 0x51, 0xC8, 0xF5,
    0x00, 0xD1, 0xE1, 0x23, 0xB7, 0x0B, 0x9E, 0x4C, 0xC1, 0xF9, 0xE4, 0x71, 0xCA, 0x7D, 0x79, 0x71,
    0x63, 0xB2, 0x2B, 0x70, 0x2A, 0xAF, 0x98, 0xFA, 0x49, 0xF6, 0x2D, 0x3F, 0x0C, 0x29, 0x8D, 0xCD,
    0x35, 0x32, 0x1E, 0xDE, 0x76, 0xD8, 0x62, 0xBB, 0x6E, 0xC0, 0x78, 0xA0, 0x6B, 0xE1, 0x70, 0xD5,
    0x3B, 0x4F, 0xED, 0xBC, 0x04, 0x0F, 0xF8, 0xF8, 0xE1, 0x8A, 0x3F, 0xFA, 0x53, 0x59, 0x7E, 0xFE,
    0xC0, 0xE8, 0xD4, 0x9F, 0x6B, 0x36, 0xE9, 0x87, 0xB0, 0x33, 0x88, 0x75, 0x47, 0x9F, 0xA1, 0x4F,
    0xEB, 0x0F, 0xE4, 0x84, 0xB6, 0x35, 0x78, 0x9C, 0xFB, 0xF3, 0x1F, 0x0A, 0xEE, 0xED, 0xC9, 0x64,
    0x64, 0x00, 0x82, 0x3F, 0xFF, 0x11, 0x60, 0x3D, 0x13, 0x9A, 0xC0, 0xFF, 0x7C, 0x74, 0x81, 0xFF,
    0x1C, 0xE8, 0x02, 0xF9, 0xE8, 0x02, 0xFF, 0x99, 0xD0, 0x05, 0xB8, 0xC1, 0x02, 0x9C, 0x40, 0xB3,
    0x14, 0x5B, 0xFE, 0x81, 0x04, 0xE4, 0xE1, 0x02, 0x0C, 0x0C, 0x0B, 0x40, 0x02, 0xF5, 0x48, 0x02,
    0x0C, 0xBF, 0x41, 0x4E, 0x41, 0x16, 0xF8, 0x08, 0x64, 0xDE, 0x47, 0x16, 0x38, 0x00, 0xD2, 0x83,
    0x2C, 0xB0, 0x80, 0xA0, 0xC0, 0x05, 0x74, 0x81, 0xCF, 0xE8, 0x86, 0xFE, 0x41, 0xB3, 0x76, 0x23,
    0x48, 0x47, 0x3C, 0x5C, 0xC0, 0x70, 0x2A, 0xD8, 0x2F, 0xFC, 0xE8, 0x9E, 0xE3, 0x40, 0x13, 0xB8,
    0x8F, 0x1E, 0x1E, 0xF6, 0xE8, 0x02, 0x2C, 0x68, 0x02, 0x3A, 0x68, 0x81, 0x9C, 0x8B, 0x1C, 0x2F,
    0xEF, 0xEF, 0xCD, 0x36, 0x87, 0x3B, 0x0F, 0xEA, 0x52, 0x86, 0x51, 0x01, 0x06, 0x06, 0x00, 0x03,
    0x13, 0x68, 0xD2, 0x78, 0x9C, 0x6D, 0x53, 0x4B, 0x4E, 0x02, 0x41, 0x10, 0x2D, 0x89, 0x03, 0x28,
    0x26, 0x76, 0x42, 0x58, 0xB9, 0x90, 0x13, 0x88, 0x07, 0xD0, 0xE8, 0x01, 0x4C, 0x24, 0x6E, 0x8D,
    0xC1, 0x03, 0x10, 0xC4, 0xB8, 0x35, 0xD1, 0xBD, 0x26, 0xC4, 0xB5, 0x0B, 0xF1, 0x04, 0x92, 0x78,
    0x00, 0x16, 0xEE, 0xDC, 0xC0, 0x09, 0x74, 0xED, 0x6A, 0xFC, 0x45, 0x0C, 0xE0, 0xB4, 0xF5, 0xE9,
    0x9E, 0x6E, 0x9A, 0x79, 0x8B, 0x99, 0xEA, 0x37, 0x35, 0xAF, 0x5F, 0x57, 0x55, 0x03, 0x30, 0xCE,
    0x9E, 0x13, 0xFD, 0x72, 0x55, 0x01, 0x1F, 0xD5, 0x37, 0x2D, 0x38, 0xF4, 0xC9, 0xB1, 0xB6, 0x38,
    0x72, 0xEC, 0x8F, 0x76, 0x58, 0xB3, 0x64, 0xD7, 0x23, 0x75, 0x9C, 0x33, 0xEC, 0xC4, 0x67, 0xF5,
    0x46, 0x46, 0x2A, 0x26, 0x2F, 0x78, 0xAA, 0xE7, 0x65, 0x75, 0x20, 0x9B, 0xAE, 0xB0, 0x01, 0x0E,
    0xB7, 0x29, 0x54, 0x4C, 0x5F, 0x50, 0xD8, 0xA3, 0xE8, 0x4E, 0xC4, 0xEA, 0x9C, 0x41, 0x12, 0x5F,
    0x14, 0x2C, 0x99, 0x8D, 0xBF, 0x69, 0x51, 0xC4, 0x80, 0xFE, 0x1A, 0x58, 0x93, 0x97, 0xC4, 0xAE,
    0xA2, 0x16, 0xBD, 0x6B, 0xE9, 0x81, 0xFE, 0x70, 0xD5, 0x30, 0x52, 0xCB, 0x33, 0xC7, 0x7C, 0x30,
    0x6E, 0x17, 0x53, 0xF6, 0x9D, 0x96, 0x00, 0x43, 0x32, 0xEE, 0x4A, 0xC2, 0x49, 0x39, 0xFE, 0xD8,
    0x77, 0x6C, 0x9B, 0xD8, 0x88, 0x8D, 0x75, 0x1C, 0xBB, 0x4B, 0x6C, 0x81, 0x1D, 0x36, 0x1C, 0xAB,
    0xC4, 0x3D, 0x6D, 0xBA, 0xEF, 0x75, 0x40, 0x2C, 0x8D, 0xF0, 0xB9, 0x13, 0xB0, 0x25, 0x66, 0x6B,
    0x1E, 0x9B, 0x70, 0xD5, 0xC2, 0xDC, 0x24, 0xCD, 0x9D, 0x57, 0xC8, 0xDE, 0x8D, 0x9C, 0x9D, 0x04,
    0xCE, 0x8A, 0x99, 0xA7, 0xC8, 0xF3, 0x89, 0x07, 0x8E, 0x6D, 0x4B, 0xB1, 0x86, 0x52, 0x24, 0x8B,
    0x9E, 0xB4, 0xA8, 0x2B, 0xE5, 0x40, 0x3C, 0xE5, 0xF1, 0xF1, 0x81, 0xAB, 0x57, 0x53, 0xF5, 0x12,
    0xB1, 0x93, 0xB8, 0x00, 0x6C, 0xB4, 0x63, 0x36, 0x25, 0xC3, 0x38, 0x01, 0x71, 0xA4, 0x12, 0xB3,
    0x1A, 0xCB, 0x3F, 0x2C, 0xD5, 0xBF, 0xB7, 0x63, 0x62, 0x3B, 0xFF, 0x49, 0xEF, 0xC4, 0xF6, 0xCB,
    0x4E, 0x49, 0xDD, 0x0E, 0x21, 0x77, 0x46, 0x26, 0x6A, 0x0B, 0x03, 0x43, 0x4B, 0x05, 0x47, 0x1C,
    0x37, 0xCB, 0xEA, 0x51, 0xD8, 0xC8, 0xB5, 0x75, 0x6E, 0x52, 0x83, 0xA9, 0xD6, 0x2D, 0xC8, 0x4A,
    0xD6, 0x7B, 0xE0, 0x29, 0x3B, 0xC8, 0x45, 0xAA, 0x06, 0x1A, 0x5A, 0xA4, 0xD3, 0x5B, 0xD8, 0xFC,
    0x35, 0xEE, 0x05, 0x7C, 0x63, 0x6F, 0x2B, 0xB0, 0x39, 0x45, 0x76, 0x1D, 0x42, 0x1C, 0x6B, 0x19,
    0xF6, 0x00, 0x37, 0x56, 0x76, 0x16, 0xA7, 0xD7, 0x00, 0xFF, 0x5B, 0xDB, 0xEA, 0xDE, 0x78, 0x9C,
    0x7D, 0xD1, 0xCB, 0x0D, 0xC2, 0x30, 0x0C, 0x06, 0x60, 0xB7, 0x80, 0xAA, 0x56, 0x42, 0xCA, 0x06,
    0x30, 0x01, 0xA8, 0x0B, 0x80, 0xC4, 0x02, 0xCC, 0xC1, 0x8D, 0x3B, 0x07, 0xD8, 0x00, 0x36, 0x80,
    0x0D, 0x60, 0x00, 0x0E, 0xDD, 0xA0, 0x23, 0xE4, 0xCA, 0x2D, 0x02, 0x89, 0x97, 0x54, 0x08, 0x38,
    0x29, 0xD4, 0xAE, 0x11, 0x39, 0x45, 0x9F, 0xEA, 0xDA, 0xF9, 0x5D, 0xD8, 0xCF, 0x31, 0xFB, 0x49,
    0x08, 0x78, 0x0A, 0x4B, 0x8E, 0x89, 0x04, 0x59, 0x1D, 0x0A, 0xB2, 0x03, 0x49, 0x26, 0x10, 0x64,
    0x13, 0x49, 0x7D, 0x4F, 0x89, 0xEB, 0x9D, 0x1E, 0x90, 0x96, 0x94, 0x40, 0xE1, 0x5D, 0x33, 0x82,
    0x23, 0x7E, 0xC6, 0x69, 0x85, 0x14, 0x32, 0x9A, 0x4A, 0x5A, 0x48, 0xDA, 0xC9, 0x7F, 0x9D, 0x44,
    0x47, 0xF5, 0x78, 0xDF, 0xD7, 0x84, 0xD4, 0xE8, 0x4E, 0xA6, 0xFF, 0xFF, 0xC6, 0x1F, 0x49, 0xF4,
    0x44, 0x5E, 0x79, 0x50, 0xA7, 0xBC, 0x55, 0xCB, 0xDE, 0xCC, 0xC4, 0x86, 0x74, 0x03, 0xBE, 0x94,
    0x40, 0x7A, 0x43, 0x9B, 0x53, 0xF2, 0xF1, 0xD9, 0x98, 0x12, 0x64, 0x48, 0x5B, 0x46, 0xEA, 0x89,
    0x16, 0x51, 0x82, 0x33, 0xD2, 0x90, 0xD1, 0xC6, 0xCD, 0xC1, 0xC8, 0x57, 0xC6, 0x94, 0xAA, 0xCA,
    0x8A, 0x5C, 0xCC, 0x9A, 0x91, 0xB2, 0x65, 0x4F, 0x12, 0xF4, 0x05, 0xA9, 0xC3, 0x68, 0x57, 0x4E,
    0x4B, 0xA8, 0xEB, 0x2A, 0x9B, 0x6C, 0x69, 0xAE, 0xB2, 0xCD, 0x28, 0xF3, 0x71, 0x50, 0xF2, 0x95,
    0x01, 0x25, 0xB8, 0xBA, 0xB5, 0x31, 0x72, 0x95, 0xE3, 0x17, 0xDD, 0x18, 0xCA, 0x27, 0x78, 0x9C,
    0x65, 0x92, 0xBF, 0x2F, 0x04, 0x51, 0x10, 0xC7, 0x07, 0x77, 0xCE, 0x8F, 0x10, 0x91, 0xA8, 0x34,
    0xAB, 0xA0, 0xA3, 0x57, 0x08, 0x51, 0x4B, 0x4E, 0x54, 0x12, 0x05, 0x11, 0x9D, 0xE2, 0xC4, 0xBF,
    0xA1, 0x38, 0x85, 0x56, 0xA2, 0x91, 0xA8, 0xAC, 0xE8, 0x65, 0x45, 0x41, 0x68, 0xB6, 0xA3, 0x73,
    0x9A, 0xEB, 0x4E, 0x36, 0x24, 0x9C, 0xCD, 0xB9, 0x7B, 0xDE, 0x77, 0xE6, 0xED, 0xBE, 0xD9, 0xF8,
    0x16, 0xFB, 0xDE, 0xFB, 0xE4, 0xCD, 0x9B, 0xEF, 0xCC, 0x2C, 0x91, 0xD5, 0xEE, 0x53, 0xCF, 0xBC,
    0x1E, 0x4D, 0x51, 0xA6, 0x17, 0x23, 0xDA, 0x72, 0xE7, 0xA6, 0xC9, 0x34, 0xCF, 0xE7, 0x63, 0xE3,
    0x35, 0x08, 0x90, 0x2A, 0x50, 0xB3, 0xE7, 0x75, 0xA3, 0x55, 0x22, 0x7A, 0x2B, 0x80, 0x31, 0xA2,
    0x36, 0xD6, 0xFD, 0x49, 0x5A, 0x4D, 0x5D, 0x4C, 0xD7, 0x2E, 0x4B, 0x78, 0x2B, 0xC0, 0x2E, 0xA6,
    0x09, 0xF0, 0x3E, 0x4E, 0xF7, 0xC1, 0xDB, 0x15, 0xFB, 0x89, 0xC4, 0xCF, 0x01, 0x40, 0x79, 0xC7,
    0x7E, 0x42, 0x01, 0x7C, 0xB9, 0x82, 0xAC, 0x89, 0xB3, 0x8C, 0x47, 0x86, 0x11, 0x62, 0x46, 0xC8,
    0x8B, 0xEF, 0x35, 0xCA, 0x8A, 0xE0, 0x9E, 0x49, 0x16, 0x3D, 0x68, 0x8B, 0xC5, 0xCB, 0xB9, 0x0C,
    0xE4, 0xD6, 0x4F, 0x4B, 0x02, 0x54, 0x71, 0x2E, 0xEE, 0xC7, 0x93, 0xB5, 0x7F, 0x0D, 0x9A, 0x66,
    0xF2, 0xED, 0x41, 0xD2, 0xCF, 0x56, 0x54, 0xD0, 0x82, 0x98, 0x7B, 0xCE, 0x41, 0xEC, 0x72, 0x1F,
    0x76, 0x0A, 0x6D, 0x86, 0x4E, 0xBA, 0x02, 0xC6, 0x73, 0xC7, 0xC1, 0x03, 0x83, 0x65, 0x55, 0xD5,
    0x35, 0x40, 0x5D, 0x01, 0x9E, 0x50, 0x18, 0xEC, 0x5D, 0xB4, 0xB2, 0xE2, 0x51, 0x56, 0xCC, 0x5D,
    0x72, 0xE0, 0x0C, 0xAD, 0x49, 0xD5, 0xCB, 0x28, 0xA2, 0x01, 0xDF, 0xDB, 0x0E, 0x5C, 0x61, 0x02,
    0x9F, 0xAA, 0xC9, 0xD8, 0xD7, 0x6F, 0x91, 0x6B, 0x54, 0xC0, 0xAF, 0xDD, 0x56, 0x31, 0x17, 0x13,
    0xF1, 0xE8, 0xEE, 0xC4, 0x69, 0x0F, 0x4B, 0x38, 0x4B, 0x33, 0xE7, 0xEC, 0x74, 0x88, 0xBE, 0x8C,
    0x56, 0x22, 0xC9, 0xBD, 0xAA, 0x36, 0xB4, 0xA3, 0x41, 0x85, 0x8A, 0x57, 0x6A, 0x9C, 0xCD, 0xFF,
    0x96, 0xF1, 0x80, 0xE4, 0xBF, 0x77, 0xE7, 0x28, 0x1F, 0xF1, 0xC6, 0xE3, 0xBB, 0x49, 0x6E, 0x36,
    0xD9, 0xCD, 0x1F, 0x3D, 0x40, 0x9A, 0xF0, 0x78, 0x9C, 0xFB, 0xF3, 0x1F, 0x15, 0xD8, 0xFF, 0xA1,
    0x8B, 0x00, 0x03, 0x18, 0x7C, 0x07, 0x32, 0xF9, 0x19, 0x90, 0xC0, 0xA8, 0xC0, 0xA8, 0x00, 0xB9,
    0x02, 0x00, 0x9C, 0x63, 0xFD, 0x9E, 0x78, 0x9C, 0xFB, 0xFB, 0xFF, 0xFF, 0x7F, 0x0E, 0x06, 0x08,
    0xF8, 0x08, 0x64, 0xFB, 0xFF, 0x1D, 0x15, 0x18, 0x8C, 0x02, 0xF6, 0x7F, 0x80, 0x04, 0x27, 0x54,
    0xE0, 0x13, 0x56, 0x81, 0xDF, 0x48, 0x02, 0x9F, 0x81, 0x6C, 0xFD, 0x5F, 0x40, 0x82, 0x0B, 0x49,
    0x40, 0xFE, 0x27, 0x90, 0xE0, 0x81, 0x0A, 0x7C, 0x05, 0xB2, 0xF9, 0xBF, 0x03, 0x09, 0x3E, 0xA8,
    0x00, 0x88, 0xCD, 0x0F, 0x12, 0xF5, 0x87, 0x0A, 0x80, 0xB4, 0xF3, 0x82, 0x4C, 0xDE, 0x0F, 0xE1,
    0x0B, 0xFC, 0x07, 0x99, 0xF7, 0x00, 0x44, 0xB2, 0x83, 0x05, 0x36, 0x80, 0x98, 0x6C, 0x0B, 0x40,
    0x64, 0x3F, 0x5C, 0xC7, 0x7F, 0x26, 0x03, 0x10, 0xF9, 0xBF, 0x4F, 0x84, 0xC1, 0xF1, 0x05, 0x88,
    0x71, 0x1E, 0x2A, 0x0E, 0x07, 0x40, 0xF3, 0x1F, 0xA2, 0x08, 0x00, 0xDD, 0x68, 0x80, 0xCC, 0x3F,
    0x0F, 0x32, 0xEB, 0x31, 0x92, 0x80, 0x0C, 0xD8, 0xFA, 0xDF, 0x70, 0x7E, 0x3D, 0xC4, 0x41, 0x0E,
    0x30, 0x91, 0x79, 0x8C, 0x50, 0x27, 0x0B, 0xB4, 0xDE, 0xFE, 0xF7, 0xFF, 0xFD, 0x5E, 0x0F, 0x30,
    0x07, 0x00, 0xEA, 0xD4, 0x7C, 0xF7, 0x78, 0x9C, 0x55, 0x93, 0x8B, 0x91, 0x01, 0x41, 0x10, 0x86,
    0xBB, 0xB0, 0x94, 0x53, 0x1E, 0x19, 0xD8, 0x0C, 0x84, 0x40, 0x06, 0x36, 0x83, 0xBB, 0x0C, 0xC8,
    0x80, 0x0C, 0xC8, 0x80, 0x0C, 0xC8, 0x40, 0x08, 0x84, 0x40, 0x04, 0x47, 0xDD, 0x71, 0x57, 0x43,
    0xA1, 0x1F, 0xD3, 0xD3, 0xBD, 0x5D, 0x65, 0x77, 0xE6, 0x9B, 0xAA, 0xF9, 0x7B, 0xBE, 0xB1, 0x87,
    0x17, 0x56, 0x15, 0xB4, 0x6E, 0x38, 0x9B, 0xCD, 0x89, 0x35, 0x13, 0x7B, 0xE0, 0xAC, 0x9F, 0x13,
    0xEB, 0x28, 0xEA, 0xD1, 0xAC, 0xC5, 0x2B, 0x43, 0x65, 0x5F, 0xC4, 0xEA, 0xF0, 0x87, 0xCF, 0x95,
    0xB2, 0x2D, 0x31, 0x80, 0x0B, 0x3E, 0xBF, 0x95, 0xD1, 0x64, 0x13, 0x97, 0x6A, 0x2E, 0xF6, 0x33,
    0x6E, 0xA1, 0xC1, 0x77, 0x1C, 0x77, 0xF1, 0xED, 0x82, 0x7B, 0xBA, 0x1E, 0xF0, 0x3D, 0x76, 0xB1,
    0xB4, 0xCF, 0xD5, 0x82, 0xB7, 0x9A, 0x77, 0xB6, 0x60, 0x8A, 0x5D, 0xD0, 0x60, 0x69, 0xC1, 0x57,
    0xED, 0x7F, 0x44, 0xEC, 0x23, 0xC5, 0xB6, 0x79, 0xF4, 0x8C, 0x0D, 0x48, 0x0B, 0x0D, 0x1E, 0xFD,
    0x6B, 0x70, 0x41, 0xAC, 0xC2, 0xEC, 0x47, 0x0E, 0x04, 0xB0, 0xC6, 0xC1, 0x5E, 0xD2, 0x0E, 0x72,
    0x70, 0xE9, 0x60, 0x22, 0x6C, 0x4A, 0x2C, 0x8B, 0xB1, 0x7D, 0x61, 0xB9, 0x06, 0x07, 0x16, 0x6A,
    0xC2, 0xF5, 0xE4, 0x59, 0xD9, 0x50, 0xA1, 0xFB, 0x3A, 0x93, 0x6B, 0xCD, 0x77, 0xC6, 0xCF, 0x26,
    0x28, 0x2A, 0xCA, 0xE0, 0xD7, 0xDF, 0x20, 0xC8, 0x0D, 0x86, 0xD2, 0x4D, 0x07, 0x6E, 0xAC, 0xFC,
    0x8F, 0xA0, 0x66, 0x27, 0x23, 0x7F, 0x81, 0x00, 0x47, 0x9C, 0xEE, 0x96, 0x2A, 0x54, 0x8A, 0xB5,
    0x9E, 0xF0, 0x37, 0x30, 0xC6, 0x5A, 0x43, 0x12, 0x0A, 0x49, 0xAB, 0x09, 0x85, 0xA4, 0xD5, 0x84,
    0x42, 0xD2, 0x6A, 0x42, 0x9D, 0xD6, 0x24, 0xD4, 0x69, 0x4D, 0x42, 0xA5, 0x72, 0x61, 0x2D, 0xCF,
    0x58, 0xAB, 0x09, 0x95, 0xBA, 0xBD, 0xBC, 0x50, 0x29, 0xD2, 0x6A, 0x42, 0xA5, 0x58, 0xEB, 0xB8,
    0xCC, 0x0A, 0xFF, 0x49, 0xBC, 0x01, 0xFC, 0x78, 0x52, 0x47, 0x78, 0x9C, 0x4D, 0x54, 0xCD, 0x59,
    0xC2, 0x50, 0x10, 0x7C, 0xE0, 0x47, 0xFC, 0x10, 0x05, 0x0F, 0x9E, 0x95, 0x0E, 0xA0, 0x03, 0xEC,
    0x40, 0x8F, 0xDE, 0xA4, 0x03, 0xE8, 0x00, 0x3A, 0x90, 0xBB, 0x07, 0xE8, 0x00, 0x3A, 0x90, 0x0E,
    0xA4, 0x03, 0xE8, 0x80, 0x20, 0x20, 0x91, 0xBF, 0xE7, 0x9B, 0x9D, 0xDD, 0x47, 0x72, 0x48, 0x66,
    0xD9, 0xB0, 0xB3, 0x33, 0xBB, 0x2F, 0x7B, 0xEF, 0x7D, 0xD5, 0xC9, 0x95, 0x05, 0xE8, 0x2B, 0xC4,
    0xA7, 0x00, 0xCB, 0xBB, 0x70, 0x7B, 0x62, 0x7C, 0x44, 0xAE, 0x26, 0xF0, 0x1E, 0xB0, 0xB4, 0x0E,
    0xB7, 0x77, 0xE6, 0x10, 0xFB, 0x96, 0xC0, 0x67, 0xC0, 0x42, 0x1A, 0x6E, 0x1F, 0x97, 0xD8, 0xF7,
    0x04, 0xF7, 0x03, 0x9A, 0xBB, 0x49, 0xB8, 0x7F, 0xC7, 0xD8, 0xFB, 0x2F, 0xC1, 0xF8, 0x75, 0xC8,
    0x5F, 0x24, 0x9E, 0x49, 0x8E, 0x38, 0x15, 0x26, 0xA9, 0x74, 0x85, 0x78, 0xC5, 0x9C, 0xE0, 0x9F,
    0x00, 0x1A, 0xEC, 0x20, 0x41, 0xBC, 0x65, 0xEE, 0x1A, 0xF8, 0x97, 0xCA, 0xD0, 0x79, 0x19, 0xF1,
    0x1F, 0x73, 0x15, 0xC3, 0x37, 0x54, 0x7C, 0x87, 0xF8, 0xCC, 0x5C, 0xCD, 0xA4, 0x27, 0x2C, 0x85,
    0xB8, 0xCE, 0x14, 0x05, 0x02, 0x14, 0xD9, 0xC2, 0x4B, 0x08, 0xDB, 0x10, 0xAA, 0x02, 0xD1, 0xE0,
    0x52, 0x5B, 0x47, 0x3C, 0x0A, 0xCF, 0x47, 0x15, 0xD8, 0x0D, 0xCF, 0x71, 0x78, 0x0E, 0x34, 0x5E,
    0x80, 0xFE, 0xC8, 0xF7, 0x47, 0xFA, 0x7E, 0x5B, 0xFF, 0x0F, 0x63, 0x93, 0x8C, 0x02, 0x17, 0xCA,
    0x5B, 0x57, 0x5E, 0x0C, 0xA4, 0xB8, 0xA1, 0xC0, 0x95, 0xF5, 0x8B, 0xDE, 0x4B, 0xCE, 0x1D, 0xF0,
    0xF7, 0x94, 0xBA, 0xB6, 0xA6, 0x73, 0x4F, 0xF1, 0x42, 0x3F, 0xA1, 0x1F, 0x59, 0xDE, 0x9F, 0x5B,
    0xD7, 0x14, 0x77, 0xBB, 0xF4, 0xF1, 0x68, 0xBE, 0xAE, 0xA5, 0x78, 0x5F, 0xE6, 0x8F, 0x37, 0x3A,
    0x94, 0x1E, 0xE7, 0xD1, 0x72, 0x53, 0x5A, 0x27, 0x95, 0x9B, 0x71, 0xA6, 0x13, 0x11, 0x93, 0x92,
    0x55, 0x3A, 0x6A, 0xC7, 0x5D, 0xA0, 0x09, 0x1B, 0x76, 0x0B, 0xF2, 0xE2, 0x48, 0x6D, 0xA4, 0x79,
    0x73, 0x99, 0x4A, 0x81, 0x43, 0x4D, 0x66, 0x71, 0xDF, 0x84, 0xB9, 0x70, 0x22, 0x85, 0x38, 0xB7,
    0x92, 0xCE, 0xE3, 0x5E, 0x3E, 0x28, 0x05, 0xCA, 0x55, 0x37, 0x36, 0x6E, 0x2A, 0x7D, 0x53, 0x8A,
    0x57, 0x08, 0xCC, 0xC8, 0x6D, 0x8B, 0xF2, 0xA9, 0x14, 0x58, 0xE8, 0xCE, 0x81, 0xDC, 0xB6, 0x60,
    0x4B, 0x73, 0x30, 0xF0, 0x8E, 0xCF, 0x68, 0xCE, 0xE5, 0x17, 0x93, 0x0E, 0xEA, 0x46, 0x0D, 0x35,
    0x37, 0xF0, 0xB9, 0xCD, 0xD4, 0x4D, 0xD4, 0x23, 0x22, 0xFC, 0xD1, 0x41, 0xDD, 0xE0, 0x86, 0xE6,
    0x74, 0xC3, 0x78, 0x12, 0xA6, 0x0C, 0xF4, 0x48, 0xDA, 0x66, 0x76, 0x72, 0x27, 0x06, 0x03, 0xE6,
    0xB5, 0xCF, 0x95, 0xE1, 0x49, 0xE3, 0x29, 0xB0, 0xE9, 0xC6, 0x32, 0xCC, 0x15, 0x2D, 0xB7, 0xCE,
    0x97, 0x81, 0x70, 0x59, 0x3C, 0x17, 0xA7, 0x1B, 0xCB, 0xEC, 0x2E, 0x7D, 0xD9, 0x74, 0xA3, 0x4B,
    0x52, 0xA4, 0x17, 0x73, 0x98, 0x6E, 0x74, 0x09, 0x53, 0xD2, 0x2F, 0x02, 0xAE, 0x66, 0xDE, 0x25,
    0x4C, 0xC9, 0x26, 0x6B, 0xBD, 0x99, 0x4B, 0x58, 0x16, 0xFD, 0x02, 0xFD, 0x03, 0x4E, 0x12, 0x59,
    0x59, 0x78, 0x9C, 0x65, 0x92, 0xDD, 0x51, 0x02, 0x41, 0x10, 0x84, 0x1B, 0xBC, 0x13, 0xFF, 0x8B,
    0x67, 0x1F, 0xCE, 0x10, 0x08, 0xC1, 0x04, 0xAC, 0x92, 0x0C, 0x34, 0x03, 0xC9, 0x40, 0x33, 0x90,
    0x0C, 0x30, 0x03, 0xCC, 0xC0, 0x10, 0x2E, 0x04, 0x35, 0x02, 0x0A, 0x44, 0xAB, 0x54, 0x70, 0xDD,
    0x9E, 0x99, 0xDD, 0x9B, 0xD5, 0x79, 0xE0, 0x9A, 0xEF, 0xEE, 0x83, 0xDE, 0xBD, 0x1D, 0x87, 0x38,
    0xB7, 0xD0, 0x79, 0xE4, 0x97, 0x06, 0xF8, 0xE6, 0xB5, 0xAF, 0xEC, 0x83, 0xB9, 0x06, 0x96, 0xBC,
    0x1E, 0x09, 0x1A, 0xFE, 0xC4, 0xF8, 0x14, 0xC3, 0x35, 0xD9, 0x4D, 0xA7, 0x9E, 0x31, 0x6D, 0x98,
    0x7A, 0x4C, 0xEF, 0x4C, 0xBB, 0x4C, 0x2B, 0xA6, 0x43, 0xAF, 0x02, 0x93, 0x24, 0x3F, 0x30, 0x8C,
    0xF4, 0xDF, 0x28, 0x2F, 0x7A, 0xA6, 0x0E, 0x94, 0xBD, 0x31, 0x1F, 0xA8, 0xDA, 0x5A, 0xD3, 0x3B,
    0xB2, 0xAB, 0x42, 0x05, 0xB6, 0x22, 0xAF, 0xC9, 0xF6, 0x12, 0x13, 0xF9, 0x94, 0xEA, 0x73, 0x42,
    0x98, 0x92, 0xB5, 0xFC, 0x38, 0xCF, 0x0C, 0x7C, 0x24, 0x14, 0x2A, 0xB0, 0x36, 0xD4, 0xA9, 0xD6,
    0x36, 0xCE, 0xA5, 0x63, 0x43, 0x93, 0xF7, 0x1D, 0xD3, 0x25, 0x84, 0x85, 0x47, 0xBA, 0x4B, 0x85,
    0x1A, 0xE5, 0xA0, 0xEB, 0x2B, 0x66, 0xFB, 0xA7, 0x49, 0x5A, 0xB2, 0x6F, 0x9C, 0x56, 0x57, 0xD4,
    0x33, 0x35, 0x6F, 0x9E, 0xCC, 0xC4, 0x3A, 0x8F, 0x1C, 0x5B, 0x19, 0x6B, 0x1D, 0xDB, 0xA4, 0x3D,
    0x18, 0xFC, 0x53, 0xBD, 0x2C, 0xEA, 0x45, 0x29, 0x8B, 0xDA, 0xFF, 0xCC, 0x6F, 0x3C, 0xA9, 0xF7,
    0x78, 0xC9, 0x27, 0x23, 0xA9, 0xC7, 0x18, 0x87, 0x7C, 0x0C, 0x4C, 0xDD, 0x01, 0xBE, 0x3A, 0x59,
    0x0E, 0xD6, 0x2C, 0x86, 0x57, 0x86, 0x46, 0xD8, 0x52, 0x55, 0xA8, 0x3C, 0x17, 0x26, 0x07, 0xB5,
    0xCA, 0xA9, 0xF6, 0xAA, 0x19, 0x8D, 0x0F, 0x76, 0x7B, 0xEE, 0x85, 0xD4, 0xA0, 0xF2, 0x3F, 0x6C,
    0x4D, 0x4F, 0x7C, 0x01, 0x5B, 0xD1, 0x4C, 0x8B, 0xD6, 0xC5, 0x7E, 0x57, 0xBF, 0x00, 0x00, 0x78,
    0xEE, 0x78, 0x9C, 0xED, 0x90, 0xDD, 0x11, 0xC1, 0x50, 0x10, 0x85, 0xAF, 0x9F, 0xE1, 0x32, 0x18,
    0x15, 0xA0, 0x03, 0x3A, 0xA0, 0x03, 0x25, 0xD0, 0x41, 0x74, 0x40, 0x07, 0x29, 0x81, 0x0E, 0x52,
    0x82, 0x74, 0x20, 0x2D, 0xA8, 0x20, 0xC3, 0x60, 0x32, 0x19, 0xC4, 0x9E, 0xDD, 0xBD, 0xF9, 0x99,
    0xF1, 0xE8, 0xD1, 0x3E, 0xE4, 0x9E, 0xFD, 0xEE, 0xDC, 0xCD, 0xD9, 0x13, 0x66, 0x54, 0x63, 0xA3,
    0x35, 0x43, 0xE7, 0x4D, 0xF0, 0xDD, 0x3B, 0x16, 0xA2, 0xEB, 0x99, 0x04, 0x47, 0x43, 0xD9, 0x5D,
    0x9A, 0x48, 0xAE, 0xA4, 0xDE, 0xA4, 0x7D, 0x63, 0x16, 0x60, 0x2B, 0x41, 0x1B, 0xE8, 0x01, 0x89,
    0x94, 0xCE, 0x58, 0xD8, 0x05, 0xAC, 0x49, 0xE2, 0x0C, 0x61, 0x99, 0xE1, 0x3A, 0x80, 0x58, 0x83,
    0x4D, 0x73, 0x27, 0xE2, 0xEB, 0x49, 0xEA, 0x98, 0x3B, 0x69, 0x31, 0xBB, 0xBA, 0x29, 0x70, 0x72,
    0x92, 0xC9, 0x3B, 0xB0, 0xBE, 0x3A, 0x99, 0xAB, 0xAB, 0x17, 0xE9, 0xAD, 0x3A, 0xB1, 0xCA, 0x6E,
    0x68, 0x6A, 0xEC, 0x24, 0x76, 0x5B, 0x1E, 0xC0, 0x3A, 0xEC, 0x64, 0xE9, 0xD8, 0x90, 0x07, 0xB1,
    0x93, 0xAE, 0x63, 0xE6, 0x81, 0x1F, 0x86, 0x32, 0xA1, 0x12, 0x11, 0x9E, 0x7A, 0x39, 0x32, 0x1C,
    0x62, 0x39, 0x1F, 0x54, 0xA2, 0xAC, 0x5E, 0x62, 0x91, 0x20, 0xBF, 0x84, 0x24, 0x44, 0x59, 0xA6,
    0xA8, 0x34, 0x73, 0x4B, 0x17, 0xC5, 0x21, 0x06, 0x15, 0x24, 0x21, 0x8E, 0xAA, 0x8C, 0x33, 0xB1,
    0x5F, 0x58, 0xFB, 0xCF, 0x7E, 0xC2, 0x3E, 0xF7, 0xFE, 0x14, 0x35, 0x78, 0x9C, 0x63, 0x78, 0xF0,
    0x1F, 0x05, 0xD4, 0x33, 0x30, 0xD0, 0x53, 0x04, 0x0E, 0x04, 0xFE, 0x81, 0x44, 0xF4, 0x90, 0x44,
    0x0E, 0x80, 0xD5, 0xB0, 0x20, 0x89, 0xFC, 0x44, 0xD7, 0x94, 0x00, 0x56, 0xC2, 0x85, 0x24, 0xF2,
    0x19, 0x24, 0x70, 0x1E, 0xC3, 0x5C, 0x39, 0x0C, 0x73, 0x99, 0xD1, 0xCD, 0xCD, 0xC7, 0x30, 0x97,
    0x13, 0x49, 0xE4, 0x0B, 0x48, 0x60, 0x3F, 0x86, 0xB9, 0xB2, 0x18, 0xE6, 0x32, 0x21, 0x89, 0xFC,
    0x02, 0x09, 0xC4, 0x23, 0x09, 0x14, 0x80, 0x95, 0x70, 0xE0, 0x33, 0x57, 0x01, 0x6C, 0x2E, 0x2F,
    0x92, 0xC8, 0x05, 0x90, 0xC0, 0x7B, 0x64, 0x73, 0x7F, 0x83, 0x44, 0xFC, 0x91, 0x04, 0x1A, 0xC0,
    0xE6, 0xB2, 0x23, 0x89, 0x7C, 0x05, 0x09, 0xAC, 0x47, 0x36, 0x17, 0xAC, 0x84, 0x07, 0x49, 0xE4,
    0x22, 0xD8, 0x5C, 0x46, 0x74, 0x73, 0xED, 0x31, 0xCC, 0x65, 0x43, 0x37, 0x77, 0x3E, 0x92, 0x80,
    0x01, 0x58, 0x09, 0x37, 0x92, 0xC8, 0x43, 0x90, 0xC0, 0x7D, 0x64, 0x73, 0xBF, 0x81, 0x44, 0xF4,
    0x19, 0xD0, 0x45, 0x90, 0x01, 0x2B, 0x3D, 0x45, 0x00, 0x13, 0xA8, 0x7A, 0x85, 0x78, 0x9C, 0xFB,
    0xFB, 0x1F, 0x0C, 0x98, 0xFF, 0x92, 0x4E, 0xEF, 0x67, 0x00, 0x82, 0x51, 0x9A, 0x6C, 0x9A, 0xAC,
    0x70, 0x07, 0x00, 0x20, 0x7E, 0xF6, 0xBD, 0x78, 0x9C, 0x9D, 0xCC, 0x5B, 0x11, 0x41, 0x61, 0x00,
    0x45, 0xE1, 0xC3, 0x60, 0x30, 0x6E, 0x0D, 0x68, 0x40, 0x04, 0x11, 0x34, 0xA0, 0x01, 0x11, 0x34,
    0xA0, 0x01, 0x0D, 0x88, 0x70, 0x1A, 0xD0, 0x80, 0x06, 0x8E, 0xFB, 0xDD, 0x32, 0xF6, 0x3F, 0xDB,
    0x8C, 0x57, 0xEB, 0x69, 0x3D, 0x7D, 0x09, 0x54, 0xA2, 0x4F, 0x73, 0x68, 0x6A, 0x06, 0xD0, 0xD7,
    0xB4, 0x60, 0xA6, 0x89, 0x60, 0x13, 0xE6, 0x0E, 0x69, 0xCD, 0x19, 0x72, 0x9A, 0x3D, 0x14, 0x35,
    0x89, 0xA1, 0xD8, 0xD0, 0xD0, 0x50, 0x1B, 0x26, 0x86, 0x56, 0x61, 0x1E, 0x90, 0xD2, 0x5C, 0x20,
    0xAB, 0x39, 0x40, 0xC1, 0x50, 0xD9, 0x50, 0xDD, 0x50, 0xF7, 0x17, 0xAA, 0x7D, 0xA1, 0xA7, 0xA1,
    0xAB, 0xA1, 0xA3, 0xA1, 0xAD, 0xA1, 0xA5, 0xA1, 0xB1, 0xA1, 0xCE, 0x7F, 0xD0, 0xDA, 0xD0, 0xD4,
    0x50, 0x0F, 0x46, 0x9A, 0x06, 0x2C, 0x02, 0xF4, 0x32, 0x74, 0x83, 0x8C, 0xE6, 0x04, 0x79, 0xCD,
    0x0E, 0x4A, 0x86, 0xAA, 0x6F, 0x6B, 0x7E, 0x7B, 0xB8, 0x78, 0x9C, 0xFB, 0xF7, 0x1F, 0x0C, 0x98,
    0xFF, 0x91, 0x48, 0x33, 0x30, 0x30, 0x7C, 0x1B, 0xA5, 0xC9, 0xA7, 0x49, 0x0D, 0x6F, 0x18, 0x0D,
    0x00, 0x40, 0x30, 0x00, 0x3A, 0x78, 0x9C, 0x3D, 0xCF, 0xE9, 0x11, 0x01, 0x41, 0x10, 0x05, 0xE0,
    0x76, 0x94, 0x72, 0x6D, 0x91, 0x01, 0x19, 0x90, 0x01, 0x21, 0xC8, 0x60, 0x65, 0x20, 0x04, 0x32,
    0x20, 0x03, 0x42, 0x90, 0xC1, 0xCA, 0x80, 0x0C, 0x84, 0xA0, 0xD6, 0x51, 0x6E, 0xCF, 0x7B, 0xDB,
    0x3B, 0xDB, 0x3F, 0x66, 0xE6, 0x9B, 0xE9, 0x9E, 0xEA, 0x36, 0x63, 0xDC, 0x80, 0xB9, 0x15, 0xF1,
    0x05, 0x4E, 0x05, 0xC6, 0x60, 0xD4, 0x82, 0x76, 0x52, 0x14, 0x74, 0x95, 0xE2, 0xA0, 0x8F, 0xB4,
    0xCF, 0x31, 0x44, 0x16, 0x55, 0xD7, 0xD6, 0xD5, 0x76, 0x5D, 0xF8, 0x3F, 0x35, 0x72, 0xBD, 0x81,
    0xE5, 0x0B, 0x48, 0x32, 0xF4, 0x79, 0x3F, 0xE0, 0x3B, 0xCA, 0xD2, 0x86, 0x87, 0xD6, 0x81, 0x4B,
    0x53, 0x3A, 0xEB, 0xBF, 0xA9, 0x12, 0x24, 0x96, 0x1C, 0xCD, 0xA8, 0x75, 0x5E, 0xC6, 0x01, 0x9E,
    0xDC, 0x4A, 0x66, 0x2B, 0x6E, 0x3D, 0xCF, 0xAF, 0x9B, 0xA5, 0x5E, 0xAF, 0x16, 0x3A, 0x9E, 0x52,
    0x31, 0x9B, 0x64, 0x05, 0xDD, 0xD0, 0xF0, 0x4F, 0x13, 0x2F, 0xA8, 0x99, 0x74, 0xD7, 0xC4, 0xA9,
    0xE7, 0x7B, 0x7D, 0xF4, 0xE0, 0xD2, 0x08, 0x2D, 0xC5, 0x7F, 0x06, 0x1F, 0x92, 0xBA, 0x78, 0x9C,
    0xFB, 0xF1, 0x1F, 0x15, 0xF4, 0xFF, 0xA0, 0x85, 0x00, 0x00, 0xF6, 0x0B, 0x62, 0xD1, 0x78, 0x9C,
    0x4D, 0x91, 0x2B, 0x0E, 0xC2, 0x40, 0x10, 0x86, 0xA7, 0xA5, 0x81, 0xF2, 0x0A, 0xAB, 0xD0, 0xBD,
    0x01, 0x1C, 0x01, 0x8D, 0xC5, 0xE0, 0x10, 0x38, 0x0C, 0x68, 0x90, 0x70, 0x00, 0x0C, 0x77, 0xC0,
    0x81, 0xE3, 0x04, 0x58, 0x48, 0x10, 0x18, 0x04, 0x68, 0x42, 0xD2, 0xF0, 0x68, 0x28, 0xAF, 0x2E,
    0x33, 0xB3, 0xDB, 0x6D, 0xFF, 0x64, 0x1F, 0x5F, 0xB2, 0xD9, 0xF9, 0x66, 0x17, 0x00, 0x60, 0x76,
    0x88, 0xE4, 0x66, 0x98, 0x01, 0x8E, 0x78, 0x49, 0xCE, 0xD1, 0x61, 0x7C, 0x48, 0x9D, 0x05, 0x51,
    0x43, 0x9A, 0x14, 0x11, 0x6F, 0x09, 0xF6, 0x11, 0x3F, 0x09, 0x1E, 0x01, 0xEA, 0xB4, 0x36, 0x2D,
    0x6F, 0x4F, 0xAB, 0x05, 0x53, 0x7D, 0x48, 0x44, 0xB8, 0x71, 0xE0, 0x84, 0x73, 0x89, 0xAE, 0x7C,
    0xE2, 0x26, 0x0B, 0xA2, 0x35, 0xBF, 0x38, 0x71, 0xBD, 0x1C, 0x98, 0xDC, 0x11, 0x5D, 0x43, 0xE3,
    0x28, 0x85, 0xDD, 0x33, 0x57, 0xCA, 0x33, 0x4C, 0xBE, 0xBA, 0x30, 0x61, 0xFD, 0x6D, 0x3C, 0xF0,
    0xB0, 0x97, 0xD2, 0x72, 0xD5, 0x8D, 0x09, 0x7A, 0x6A, 0xE3, 0xF7, 0x02, 0xC6, 0xA5, 0x02, 0x5B,
    0xD7, 0xA5, 0x79, 0xEB, 0x18, 0x8D, 0x30, 0x76, 0x56, 0x92, 0x5F, 0x6E, 0x04, 0x13, 0x30, 0x92,
    0x1B, 0xBB, 0x84, 0x06, 0x6D, 0x42, 0xE5, 0xFC, 0xD3, 0x7D, 0x0D, 0x54, 0x5D, 0x72, 0xAA, 0xE9,
    0xEE, 0xD1, 0x99, 0x16, 0xBF, 0x2A, 0xD6, 0x2C, 0x53, 0x80, 0x6B, 0xCA, 0x51, 0x96, 0xF9, 0xE9,
    0x94, 0x26, 0x8E, 0x0A, 0xF0, 0x5D, 0x94, 0x36, 0x8E, 0x0E, 0xC0, 0x4E, 0x51, 0x47, 0xE8, 0x5F,
    0xE2, 0x0F, 0x5C, 0xD8, 0x5C, 0xC3, 0xC2, 0xFE, 0x57, 0x91, 0x3F, 0xB2, 0xF5, 0xA3, 0xFD, 0x01,
    0xED, 0x28, 0x26, 0xDD, 0x78, 0x9C, 0xCD, 0xD2, 0x4D, 0x0E, 0xC1, 0x50, 0x10, 0x07, 0xF0, 0x3E,
    0x12, 0x49, 0xA3, 0xC5, 0xDE, 0xC6, 0x0D, 0x48, 0x1C, 0x80, 0xB5, 0x0D, 0xB6, 0x42, 0x24, 0x0E,
    0xC0, 0x0D, 0xD4, 0x01, 0x24, 0x8E, 0x82, 0x95, 0x65, 0xD7, 0x56, 0xC4, 0x05, 0xBA, 0xB2, 0x6E,
    0x52, 0x12, 0x16, 0xF4, 0x79, 0xF3, 0x9F, 0xF7, 0x91, 0x88, 0x03, 0x98, 0x45, 0x3B, 0xBF, 0xBC,
    0x66, 0x3A, 0x33, 0x6D, 0x26, 0xA5, 0x0C, 0x3C, 0x17, 0xD9, 0x5F, 0xBA, 0x75, 0x94, 0xC9, 0xC8,
    0xB9, 0xF5, 0x52, 0x57, 0x39, 0xB7, 0x7E, 0x48, 0x44, 0x5D, 0x7B, 0xCD, 0x94, 0x89, 0x60, 0xDB,
    0x08, 0xBE, 0x1C, 0x19, 0x8F, 0xC5, 0x2C, 0xA7, 0x7B, 0x81, 0xBD, 0x51, 0x85, 0xF6, 0x94, 0xF8,
    0x6C, 0x9F, 0xDE, 0xF4, 0x56, 0x49, 0x05, 0x4E, 0x05, 0xF9, 0xAE, 0xB2, 0x29, 0xBC, 0x41, 0x67,
    0x67, 0x64, 0xE4, 0x0E, 0xBC, 0x52, 0xD9, 0x09, 0xAE, 0xC2, 0x03, 0xAA, 0x04, 0x87, 0x70, 0xC3,
    0x9A, 0xE7, 0xAD, 0x91, 0x05, 0xB9, 0xCC, 0xA3, 0xA3, 0xA1, 0x5F, 0x0E, 0x9C, 0x85, 0xAB, 0xE7,
    0xD9, 0x7A, 0xD5, 0xAF, 0xFA, 0x4D, 0xB8, 0x4B, 0x1B, 0x81, 0x17, 0xB6, 0xBF, 0x2D, 0x1C, 0xDB,
    0xFE, 0x23, 0x9E, 0xB7, 0x48, 0xBE, 0x61, 0x12, 0x38, 0x34, 0xF3, 0x07, 0xEC, 0x93, 0x5A, 0xC0,
    0x8E, 0x92, 0x92, 0xDE, 0xDF, 0xB2, 0x30, 0xA4, 0xE3, 0x94, 0xF7, 0x99, 0x9B, 0xFD, 0xF6, 0xD9,
    0x57, 0x63, 0x9F, 0xDD, 0xD6, 0x0F, 0xC4, 0xFA, 0x7B, 0x15, 0x2F, 0xF6, 0x98, 0xED, 0x3D, 0x89,
    0x13, 0xF7, 0x17, 0xD4, 0x0E, 0x79, 0xD2, 0x43, 0xF6, 0x01, 0xAC, 0xB3, 0x62, 0xDE, 0x78, 0x9C,
    0x63, 0x60, 0x60, 0x60, 0x10, 0x58, 0xF6, 0xF6, 0xFF, 0xBD, 0x2A, 0x26, 0x06, 0x08, 0x50, 0xF8,
    0xF5, 0x1F, 0x04, 0xCE, 0xB3, 0x40, 0xB8, 0x3F, 0xFE, 0x43, 0xC0, 0x7A, 0x30, 0x6F, 0xC3, 0x7F,
    0x18, 0xE0, 0x01, 0x71, 0x7F, 0xC3, 0xB9, 0xFB, 0x81, 0xBC, 0x82, 0xFF, 0x08, 0xC0, 0xC6, 0xC0,
    0xF0, 0x19, 0x44, 0x5B, 0x32, 0x16, 0x81, 0x28, 0x3E, 0x88, 0x5A, 0x7B, 0xA0, 0xAA, 0x47, 0x40,
    0xBA, 0x9E, 0x41, 0x01, 0x24, 0x0A, 0xB2, 0xC2, 0x01, 0x48, 0xDF, 0x67, 0x68, 0x80, 0x1A, 0xC1,
    0xC0, 0xF0, 0x17, 0xC8, 0x62, 0xBE, 0x00, 0x24, 0xE2, 0xC1, 0xDC, 0x17, 0x6B, 0xC2, 0x85, 0x19,
    0x3E, 0x00, 0xB9, 0xFC, 0x0C, 0x70, 0xF0, 0x05, 0xC8, 0xE5, 0x45, 0x70, 0xBF, 0x01, 0xB9, 0xDC,
    0x08, 0xEE, 0x77, 0x20, 0x97, 0x0B, 0xC1, 0x05, 0xB9, 0x9F, 0x13, 0xC1, 0xFD, 0x89, 0xCA, 0xFD,
    0x81, 0xAA, 0xF8, 0x3B, 0xAA, 0x51, 0xDF, 0x60, 0xFE, 0x44, 0xD8, 0x8B, 0xE4, 0x0C, 0x90, 0xAB,
    0xF4, 0xC1, 0xAC, 0x47, 0x6B, 0x32, 0x54, 0x18, 0x40, 0x6E, 0xCE, 0x87, 0x6B, 0xE3, 0x9A, 0x00,
    0xF6, 0x17, 0x2C, 0x90, 0x58, 0x15, 0xA0, 0x81, 0xC2, 0x60, 0x00, 0x62, 0x30, 0x82, 0x05, 0x41,
    0x3E, 0xBC, 0x08, 0xA4, 0xE7, 0x43, 0xC3, 0xCA, 0x8B, 0xB1, 0xE8, 0x1F, 0xC4, 0x4C, 0xE4, 0x90,
    0x64, 0x47, 0x09, 0xE7, 0xF3, 0x20, 0x13, 0x0F, 0xA0, 0xC6, 0x02, 0xD8, 0x53, 0xFF, 0x21, 0x06,
    0x81, 0x80, 0x01, 0x44, 0xF9, 0x7E, 0x68, 0x0C, 0x32, 0x08, 0x2C, 0xFF, 0xFB, 0xFF, 0x5E, 0x16,
    0x38, 0x7E, 0x01, 0x6A, 0x52, 0xE9, 0x45, 0x78, 0x9C, 0xCD, 0xD1, 0x41, 0x0E, 0xC1, 0x40, 0x14,
    0x06, 0xE0, 0x91, 0x34, 0x54, 0x11, 0x76, 0x96, 0x1C, 0xA1, 0x71, 0x02, 0x7B, 0x1B, 0x37, 0xE0,
    0x04, 0x84, 0x13, 0x88, 0x0B, 0xB8, 0x02, 0x07, 0x10, 0x4E, 0x20, 0x6E, 0x30, 0x6E, 0x50, 0xD1,
    0x65, 0x37, 0x88, 0x52, 0x92, 0xF6, 0x99, 0xFF, 0xCD, 0x68, 0xD5, 0x09, 0xCC, 0xE2, 0x6F, 0xBF,
    0x64, 0x3A, 0xF3, 0xDE, 0xAB, 0x10, 0x9F, 0xE5, 0x12, 0x91, 0x14, 0xFF, 0xC3, 0x69, 0x40, 0xBB,
    0x66, 0xCA, 0x15, 0x61, 0xD9, 0x86, 0x7D, 0x16, 0x79, 0x1D, 0xCD, 0xBB, 0x26, 0x8D, 0x98, 0x2E,
    0x7D, 0x2D, 0x29, 0x0E, 0x79, 0x3E, 0xF1, 0xE8, 0x15, 0xE6, 0x86, 0xC8, 0xB1, 0x3A, 0xFF, 0xC4,
    0x1C, 0x22, 0x8B, 0x8A, 0x6D, 0xE6, 0x3E, 0x2D, 0x2D, 0xC2, 0xDB, 0x59, 0xC5, 0x80, 0x79, 0x01,
    0xAF, 0x2A, 0xEA, 0x4C, 0xDE, 0x17, 0xAA, 0xA8, 0x32, 0x67, 0xE0, 0x43, 0x85, 0xC3, 0xC4, 0xA1,
    0x12, 0x07, 0x94, 0x99, 0x5D, 0x10, 0x55, 0xD8, 0x59, 0xBF, 0x3F, 0x8C, 0xF2, 0x7C, 0xE4, 0xBF,
    0x45, 0xB7, 0x15, 0x26, 0xC6, 0x20, 0x6F, 0x2A, 0x6A, 0xD9, 0xBD, 0x28, 0xAD, 0x95, 0x55, 0x75,
    0x34, 0xFD, 0x99, 0x9A, 0x97, 0x98, 0x1A, 0x13, 0x57, 0x4A, 0x1E, 0x55, 0xC9, 0xDC, 0xA3, 0x5A,
    0x8D, 0xCD, 0x6E, 0x5F, 0x33, 0xCC, 0xCF, 0x6A, 0x9B, 0x8E, 0x31, 0x01, 0x1B, 0x89, 0xD1, 0xE6,
    0xC5, 0x63, 0xF2, 0x0D, 0x1D, 0xCD, 0x76, 0xCC, 0x5A, 0x08, 0x4D, 0xAE, 0x8E, 0x3C, 0xEB, 0x43,
    0x31, 0x09, 0x68, 0x6D, 0xE9, 0x7F, 0xFE, 0x06, 0x96, 0xEC, 0x63, 0x25, 0x78, 0x9C, 0x63, 0x60,
    0x00, 0x82, 0xA5, 0x7F, 0xFF, 0xEF, 0xB3, 0x60, 0x80, 0x81, 0x1F, 0xFF, 0x41, 0x20, 0x17, 0xCA,
    0x7B, 0xFC, 0x1F, 0x02, 0x64, 0xC0, 0xBC, 0x00, 0x28, 0xEF, 0xFF, 0x7B, 0x26, 0x10, 0xF7, 0x0B,
    0x8C, 0xFB, 0x5F, 0x0F, 0xC8, 0x13, 0xF8, 0x07, 0xE7, 0x9E, 0x07, 0x72, 0x37, 0x80, 0x18, 0xDE,
    0x8C, 0x93, 0x41, 0x14, 0x3B, 0x03, 0xC3, 0x67, 0x20, 0x55, 0x0F, 0x14, 0xFE, 0x0A, 0xA4, 0xF9,
    0x18, 0x18, 0x7E, 0x01, 0x29, 0x4E, 0x20, 0xB7, 0x00, 0x48, 0xE7, 0x33, 0x08, 0x80, 0x14, 0x81,
    0x6D, 0xF8, 0x0B, 0xD2, 0x0C, 0xB2, 0x66, 0x3D, 0x98, 0xFB, 0x1D, 0xC8, 0x62, 0x9C, 0x00, 0x56,
    0x03, 0xB3, 0x90, 0xE5, 0x00, 0x90, 0xB0, 0x07, 0x73, 0x3F, 0x82, 0x8C, 0xFE, 0x00, 0x24, 0xF4,
    0xC1, 0x5C, 0x10, 0x8B, 0xEB, 0xC3, 0x7F, 0x64, 0xC0, 0xF3, 0x11, 0x85, 0xCB, 0xFB, 0x09, 0x85,
    0xCB, 0x87, 0x2A, 0xCB, 0xF7, 0x01, 0x93, 0xCB, 0x0F, 0x0F, 0x17, 0x86, 0x0B, 0x70, 0x8B, 0xC0,
    0x60, 0x01, 0x90, 0x1B, 0x8F, 0xE0, 0x82, 0x3C, 0x32, 0x1F, 0xC1, 0x55, 0x00, 0x99, 0xC0, 0x08,
    0x62, 0xBD, 0x5C, 0x93, 0xA1, 0xC2, 0xC0, 0xF0, 0x07, 0xE4, 0x36, 0x50, 0x20, 0x81, 0xC4, 0x59,
    0x18, 0xBE, 0x01, 0xC9, 0x7E, 0x68, 0x20, 0xDD, 0x87, 0x18, 0xFD, 0x3F, 0x86, 0x31, 0xE9, 0x2F,
    0xC4, 0xA7, 0x0E, 0xC8, 0x3E, 0x80, 0x86, 0x02, 0x34, 0xDC, 0x41, 0x46, 0x36, 0xC0, 0xB9, 0x76,
    0x60, 0xBB, 0xBE, 0xC1, 0x42, 0x1D, 0x6C, 0x1F, 0x83, 0xC0, 0x4F, 0x30, 0xEF, 0x3E, 0x1B, 0xCC,
    0x2D, 0x53, 0xDF, 0xFC, 0x7F, 0xDF, 0xCD, 0x0C, 0x62, 0x01, 0x00, 0x83, 0x06, 0x1C, 0x3C, 0x78,
    0x9C, 0x63, 0x60, 0x60, 0x60, 0x10, 0xD8, 0xFE, 0xEF, 0xFD, 0xD9, 0x48, 0x46, 0x20, 0x8B, 0xE1,
    0xE7, 0x7F, 0x10, 0xE0, 0x03, 0xB2, 0x2E, 0x82, 0x59, 0xFF, 0xB9, 0x81, 0xCC, 0xDF, 0x10, 0x26,
    0x07, 0x03, 0x83, 0x01, 0x84, 0xF5, 0x9F, 0x95, 0x81, 0xA1, 0x01, 0xCA, 0x04, 0x6A, 0xDB, 0x00,
    0xA2, 0xC5, 0x04, 0x82, 0x81, 0x4A, 0x0F, 0x00, 0x59, 0xF9, 0x0C, 0x60, 0x70, 0x01, 0xC8, 0xD4,
    0x87, 0x30, 0x1F, 0x00, 0x99, 0xF2, 0xB8, 0x99, 0x5F, 0xA1, 0x46, 0xFD, 0xE7, 0x27, 0x97, 0x49,
    0xD0, 0x8A, 0x91, 0xC7, 0x04, 0x00, 0xFD, 0x15, 0xD9, 0x1E, 0x78, 0x9C, 0x6D, 0x91, 0xBD, 0x4A,
    0x43, 0x41, 0x10, 0x85, 0x27, 0x82, 0x41, 0x25, 0xA2, 0x60, 0x61, 0x99, 0x54, 0xA9, 0x6F, 0x9D,
    0x42, 0x52, 0x8A, 0x08, 0xDA, 0x59, 0xC6, 0x37, 0x08, 0x98, 0x17, 0x90, 0xA4, 0xB3, 0x51, 0xF0,
    0x01, 0xA2, 0x0F, 0x20, 0x11, 0x7B, 0x5D, 0x6B, 0x0B, 0x15, 0x0B, 0xDB, 0x2B, 0xD8, 0x08, 0x0A,
    0x37, 0x10, 0x62, 0xE2, 0x5F, 0xC6, 0x3D, 0x67, 0x37, 0x9B, 0x9B, 0x4B, 0xA6, 0x38, 0x3B, 0x1F,
    0x0C, 0x33, 0x73, 0x66, 0x45, 0x44, 0x0E, 0xDE, 0xF5, 0x66, 0x5D, 0xC6, 0x71, 0xAE, 0x88, 0x45,
    0xF9, 0x51, 0x35, 0x22, 0xD5, 0x11, 0x31, 0x9E, 0x73, 0xD8, 0x57, 0x17, 0x1B, 0xC4, 0xC8, 0x93,
    0x26, 0x7F, 0xC0, 0x47, 0x4D, 0x85, 0x91, 0x21, 0x9E, 0xAD, 0x5C, 0xD3, 0x23, 0xB4, 0x66, 0xFB,
    0x3F, 0x11, 0xF7, 0xA1, 0x79, 0x8B, 0x25, 0x0C, 0x30, 0xB7, 0x56, 0x1E, 0x38, 0xFE, 0x13, 0xD8,
    0xF5, 0xB5, 0x22, 0xC8, 0x4C, 0xCF, 0xCA, 0x0A, 0xF1, 0x0C, 0x88, 0x92, 0x65, 0x22, 0xBA, 0x98,
    0x81, 0x95, 0x25, 0x62, 0x15, 0x38, 0xE4, 0xF6, 0x88, 0x12, 0xF0, 0xCB, 0xCA, 0xC2, 0x2C, 0x5C,
    0x9D, 0x51, 0x9C, 0x69, 0x95, 0x19, 0x94, 0x59, 0x23, 0xB3, 0xE4, 0x65, 0xB0, 0x30, 0x98, 0x36,
    0x48, 0xBF, 0x98, 0xA6, 0x3B, 0x16, 0x5F, 0xDD, 0x35, 0x50, 0xA3, 0x15, 0x39, 0xF5, 0xC7, 0x79,
    0x99, 0x3E, 0x5D, 0x38, 0x6C, 0x4C, 0xE4, 0x51, 0x10, 0xDB, 0x0E, 0x77, 0x1D, 0x75, 0x22, 0x87,
    0x72, 0xC5, 0x3F, 0xC8, 0x8F, 0x51, 0x5A, 0x1F, 0x7A, 0x31, 0xCF, 0x26, 0x9D, 0xF0, 0xAD, 0xC4,
    0xF6, 0x04, 0x61, 0xF0, 0x78, 0x82, 0x68, 0x59, 0x3F, 0xB9, 0x3F, 0xDA, 0x5B, 0x23, 0x1E, 0x62,
    0x5B, 0x88, 0x3B, 0x07, 0xD6, 0x2B, 0xD2, 0x51, 0x11, 0xF8, 0x6D, 0x93, 0x02, 0x7D, 0xC5, 0x65,
    0x89, 0x9E, 0x9D, 0xD3, 0xDF, 0x94, 0x83, 0x44, 0xA4, 0x97, 0xC2, 0x5A, 0x58, 0x99, 0x81, 0xFB,
    0xF7, 0x03, 0xD5, 0xF9, 0x19, 0x6F, 0x9E, 0xDA, 0x39, 0xB7, 0x4F, 0xE3, 0x6E, 0xA4, 0xC9, 0xF5,
    0x26, 0xD2, 0x7F, 0x27, 0x77, 0x9A, 0x74, 0x78, 0x9C, 0xFB, 0xFB, 0xFF, 0xFF, 0x7F, 0x46, 0x06,
    0x18, 0xF8, 0x3B, 0x08, 0x78, 0x01, 0xB7, 0xFE, 0x9F, 0xB3, 0x84, 0xF1, 0x12, 0xFE, 0x01, 0xC9,
    0xFF, 0x36, 0x10, 0x9E, 0xE0, 0x9F, 0xFF, 0x60, 0xC0, 0x06, 0xE6, 0x3D, 0x86, 0x70, 0xFE, 0xC7,
    0x83, 0x79, 0xFF, 0xA0, 0xBC, 0xF7, 0x60, 0x1E, 0x1C, 0xB0, 0x83, 0x79, 0xE7, 0x45, 0x05, 0xAE,
    0x82, 0x68, 0x1E, 0x30, 0x8F, 0x03, 0x68, 0xF8, 0x6F, 0x20, 0x2D, 0x0F, 0xE2, 0xCD, 0x07, 0x59,
    0xFC, 0x09, 0xC8, 0xF0, 0x07, 0xF1, 0xE4, 0x41, 0xBC, 0x03, 0x20, 0x43, 0x41, 0x3C, 0x6E, 0x10,
    0x6F, 0x01, 0x90, 0x91, 0x0F, 0xE2, 0xB1, 0x83, 0x78, 0x0D, 0x40, 0x46, 0x3D, 0x88, 0xC7, 0x02,
    0xE2, 0x15, 0xC0, 0x78, 0xCC, 0x30, 0x5E, 0x3F, 0x88, 0xC7, 0x84, 0xC2, 0x63, 0x1C, 0x31, 0x3C,
    0x00, 0xF5, 0x75, 0x3D, 0xEC, 0x78, 0x9C, 0xFB, 0xFB, 0xFF, 0xFF, 0x7F, 0xA6, 0xBF, 0x78, 0x09,
    0x06, 0x2C, 0x00, 0xBF, 0x8E, 0x01, 0x25, 0x00, 0xF7, 0xD8, 0x97, 0x69, 0x78, 0x9C, 0x63, 0x60,
    0x60, 0xF8, 0xF0, 0xFF, 0xFF, 0x7F, 0x7E, 0x06, 0xD2, 0x69, 0x42, 0x80, 0x5C, 0x73, 0x87, 0x03,
    0xCD, 0x87, 0x44, 0x7F, 0x84, 0xD2, 0x9F, 0x80, 0x34, 0x2F, 0x90, 0xFE, 0x0E, 0xA4, 0x79, 0x04,
    0x18, 0x0B, 0x81, 0xD4, 0x7F, 0xAE, 0x82, 0xFF, 0x60, 0xC0, 0xBE, 0x00, 0x42, 0xB3, 0x5C, 0x00,
    0x53, 0xEF, 0xC1, 0x9A, 0xFE, 0xFF, 0xCF, 0x67, 0xF8, 0x02, 0xA6, 0x39, 0x19, 0x7E, 0x80, 0xA8,
    0x7A, 0x06, 0x86, 0xA2, 0x5B, 0xFF, 0xDE, 0x57, 0x33, 0x32, 0x30, 0x00, 0x00, 0x38, 0x89, 0xD9,
    0x23, 0x78, 0x9C, 0xFB, 0xF4, 0xFF, 0xFF, 0x7F, 0x5E, 0x06, 0x38, 0xF8, 0x34, 0xA8, 0xB9, 0x0E,
    0x40, 0xFA, 0x7F, 0x3D, 0x9C, 0x0B, 0xA2, 0xFF, 0x73, 0xC2, 0xB8, 0x02, 0xFF, 0x80, 0xF4, 0x7A,
    0xB8, 0xE2, 0x03, 0x20, 0x49, 0x1E, 0x38, 0xF7, 0x17, 0x90, 0xBA, 0x0F, 0x37, 0xAA, 0x01, 0x24,
    0x29, 0x0B, 0xE7, 0x7E, 0x03, 0x92, 0xEF, 0x99, 0x60, 0x5C, 0xB0, 0x2D, 0xF6, 0x70, 0x7B, 0x1F,
    0x81, 0xB8, 0x2C, 0x30, 0xAE, 0xEC, 0x5F, 0x20, 0x11, 0x0F, 0x77, 0xD5, 0x59, 0x90, 0x24, 0x1B,
    0x9C, 0xFB, 0x1F, 0x6A, 0x0B, 0x12, 0xF7, 0x3F, 0x2B, 0x2A, 0x97, 0x17, 0x95, 0x5B, 0x8F, 0xCA,
    0x7D, 0xCF, 0x88, 0xC2, 0xFD, 0xCF, 0x01, 0xE7, 0xBE, 0xFF, 0x0A, 0x24, 0xF4, 0xE1, 0x5C, 0xFB,
    0x05, 0x10, 0xDF, 0x42, 0xB9, 0x2C, 0x0A, 0x20, 0x92, 0x19, 0xCA, 0xCD, 0x67, 0x60, 0xF8, 0x09,
    0xF1, 0x3D, 0xCC, 0xFB, 0x1F, 0xA1, 0xAE, 0x86, 0x72, 0x0B, 0x40, 0x06, 0x22, 0x05, 0x2C, 0x28,
    0xE8, 0xD8, 0x11, 0x5C, 0x50, 0x78, 0xC8, 0x23, 0xB8, 0x17, 0x80, 0xF4, 0x7C, 0x04, 0x37, 0x00,
    0x64, 0x15, 0x13, 0x22, 0x8E, 0xFE, 0x00, 0x19, 0xDC, 0x08, 0xEE, 0x67, 0x20, 0xC3, 0x1F, 0xC1,
    0xDD, 0x00, 0x0E, 0x12, 0x38, 0x17, 0xEC, 0x4E, 0x36, 0x00, 0x40, 0x10, 0x3A, 0xD3, 0x78, 0x9C,
    0xFB, 0xFB, 0xFF, 0xFF, 0x7F, 0xA6, 0xBF, 0xC3, 0x89, 0x00, 0x00, 0x4D, 0xFD, 0xA7, 0x59, 0x78,
    0x9C, 0xED, 0x8F, 0xB9, 0x0D, 0x02, 0x31, 0x10, 0x45, 0x87, 0x43, 0x82, 0xBD, 0x80, 0x88, 0x00,
    0x09, 0x41, 0xB6, 0x19, 0x22, 0x24, 0xDC, 0x0E, 0xA8, 0x81, 0x0E, 0xE8, 0x80, 0x56, 0xA8, 0x84,
    0xED, 0x80, 0x9C, 0x08, 0x89, 0x94, 0xC0, 0x12, 0x97, 0x41, 0x1C, 0x83, 0xFF, 0xD8, 0x13, 0x20,
    0x0A, 0x20, 0xE1, 0x07, 0x3B, 0xEF, 0x3F, 0xC9, 0x63, 0x2F, 0x11, 0x52, 0x6C, 0x78, 0x3D, 0x01,
    0xCC, 0xF6, 0xBC, 0xCA, 0xDD, 0xB4, 0xCC, 0x86, 0x8A, 0x27, 0xBB, 0xF4, 0x88, 0xE6, 0x98, 0x1C,
    0x05, 0x7D, 0x95, 0x66, 0xAA, 0xC3, 0x87, 0xC0, 0xB6, 0x22, 0x7A, 0xC9, 0x3E, 0xFD, 0x5D, 0x80,
    0x54, 0xF4, 0x2D, 0xB4, 0xF2, 0x15, 0x60, 0x01, 0xFD, 0x1D, 0xE3, 0xB5, 0xE9, 0x76, 0x2E, 0x5E,
    0xE4, 0x1E, 0xEA, 0xD6, 0xEF, 0xA2, 0x42, 0xEC, 0x88, 0x68, 0x8C, 0xD9, 0xB0, 0x72, 0xC6, 0x45,
    0x1E, 0x51, 0x73, 0x70, 0x77, 0x33, 0xB6, 0x72, 0x83, 0x0B, 0x1E, 0x59, 0x92, 0xFF, 0x13, 0x4E,
    0xF0, 0x19, 0xA0, 0x61, 0xE7, 0x14, 0x70, 0xC6, 0x56, 0xE8, 0x4C, 0x5B, 0x1B, 0x70, 0x54, 0x9D,
    0xA0, 0x9D, 0x1C, 0xB4, 0x54, 0x67, 0xD0, 0xB1, 0x6A, 0x39, 0x76, 0x50, 0x1D, 0xA9, 0x4E, 0x3F,
    0x74, 0x53, 0x75, 0xF2, 0xD7, 0x3F, 0xD2, 0x6F, 0x33, 0xA9, 0xA8, 0x5A, 0x78, 0x9C, 0x63, 0x60,
    0x00, 0x81, 0x80, 0x5B, 0xFF, 0xCF, 0x59, 0x02, 0xE9, 0x7F, 0xFF, 0xFF, 0xF7, 0x33, 0x04, 0x00,
    0xC9, 0xFF, 0xFF, 0x7D, 0xA1, 0xBC, 0x5F, 0xFF, 0xC1, 0x80, 0x13, 0xCC, 0x3B, 0x00, 0xE1, 0xFC,
    0xAF, 0x07, 0xF3, 0x7E, 0x43, 0x79, 0xFF, 0x99, 0x80, 0xBC, 0xF7, 0x30, 0xCE, 0x7F, 0x4E, 0xB0,
    0xFE, 0xFB, 0x62, 0x0A, 0xCF, 0x40, 0x34, 0xDF, 0x3F, 0x88, 0x76, 0x06, 0x81, 0xBF, 0x40, 0x5A,
    0x1F, 0xC4, 0x5B, 0x0F, 0xB2, 0xF2, 0x0B, 0x90, 0x11, 0x0F, 0xE2, 0xC9, 0x83, 0x78, 0x0F, 0x80,
    0x8C, 0x7C, 0x10, 0x8F, 0x0B, 0xC4, 0xDB, 0x00, 0xB2, 0x02, 0xC4, 0x63, 0x03, 0xF1, 0x26, 0xC0,
    0x78, 0x2C, 0x20, 0x5E, 0x03, 0x90, 0xD1, 0x0F, 0xE2, 0x31, 0x83, 0x78, 0x05, 0x30, 0x1E, 0x13,
    0x0A, 0x8F, 0x71, 0xC4, 0xF0, 0x00, 0xFA, 0xFF, 0x11, 0x67, 0x78, 0x9C, 0x63, 0x60, 0x00, 0x82,
    0xC4, 0x5B, 0xFF, 0xDE, 0xCF, 0x61, 0x65, 0x80, 0x81, 0x23, 0xFF, 0xC1, 0x40, 0x13, 0xCA, 0xDD,
    0xF8, 0x1F, 0x0A, 0xD8, 0xC1, 0x5C, 0x87, 0x7F, 0x30, 0xFE, 0x7E, 0x30, 0xFF, 0xCB, 0x7F, 0x38,
    0xE0, 0x01, 0x72, 0x15, 0x10, 0x5C, 0xB0, 0x82, 0x0B, 0x20, 0x46, 0x1D, 0x93, 0xE1, 0x4F, 0xA8,
    0x09, 0xDF, 0x40, 0xE2, 0x8C, 0x0C, 0x0C, 0x06, 0x20, 0x63, 0xF4, 0x19, 0x18, 0xFE, 0x41, 0xF5,
    0x31, 0x7C, 0x06, 0x32, 0xD6, 0x33, 0x04, 0x80, 0x94, 0x31, 0x81, 0xF8, 0x05, 0x20, 0x16, 0xE3,
    0x06, 0x20, 0x31, 0x1F, 0xE2, 0x0E, 0x90, 0x4A, 0xF6, 0x8F, 0x40, 0xC2, 0x1E, 0xC2, 0xFF, 0x01,
    0xD2, 0x09, 0xB2, 0x9D, 0x8F, 0x01, 0xEE, 0x10, 0xFE, 0xEF, 0x40, 0x82, 0x1B, 0xC2, 0x07, 0x29,
    0xD5, 0x07, 0x59, 0xCB, 0x09, 0xE1, 0x7F, 0x00, 0x32, 0xFD, 0x7F, 0x01, 0x09, 0x0E, 0x08, 0xFF,
    0x01, 0x90, 0x19, 0xFF, 0x0B, 0xEE, 0x2F, 0xB0, 0x4B, 0xE3, 0x7F, 0xA2, 0xC9, 0xFF, 0x40, 0xD5,
    0x6F, 0xFF, 0x0D, 0xD5, 0x7C, 0x79, 0x34, 0xFB, 0xF9, 0xD0, 0xDC, 0xC7, 0x7D, 0x00, 0xD5, 0xFD,
    0x6C, 0x05, 0x68, 0xFE, 0x13, 0x80, 0x85, 0x1B, 0xD8, 0xFF, 0x40, 0x95, 0x3F, 0x91, 0xC3, 0x47,
    0x9E, 0x81, 0xE1, 0x21, 0x72, 0xF8, 0xB1, 0x01, 0x83, 0x1F, 0x29, 0x7C, 0xD7, 0x83, 0xF4, 0x7D,
    0x43, 0xF0, 0xC1, 0x0E, 0x0B, 0x40, 0x95, 0x66, 0x60, 0xD8, 0x04, 0xE3, 0xB3, 0x41, 0x23, 0x74,
    0x0B, 0x84, 0x2B, 0x09, 0x8F, 0x70, 0xA4, 0xF8, 0x07, 0x00, 0x32, 0x6B, 0x1C, 0x60, 0x78, 0x9C,
    0xD5, 0xD1, 0x3D, 0x72, 0xC2, 0x30, 0x10, 0x05, 0x60, 0x21, 0xC7, 0x43, 0x26, 0x3F, 0x86, 0x13,
    0x10, 0x37, 0xD4, 0xE1, 0x24, 0x84, 0xB4, 0x14, 0x38, 0x1C, 0x00, 0x38, 0x42, 0x8E, 0x90, 0xDC,
    0x20, 0xDC, 0xC0, 0xE9, 0x52, 0x52, 0x52, 0x66, 0x86, 0x0B, 0xB8, 0x48, 0x91, 0x32, 0x63, 0x68,
    0x18, 0x86, 0x78, 0xA3, 0xF7, 0xB4, 0x28, 0xE0, 0x1B, 0xB0, 0x85, 0xBD, 0xDF, 0x48, 0x2B, 0xAD,
    0x24, 0x63, 0x10, 0xED, 0x8F, 0xAA, 0x18, 0x32, 0x2B, 0x45, 0x24, 0x36, 0x5B, 0xF7, 0x95, 0x69,
    0xF0, 0x4A, 0x18, 0xD7, 0xEA, 0x6E, 0xE5, 0xFD, 0xA9, 0xFE, 0x16, 0x09, 0x13, 0xE0, 0xEA, 0xE0,
    0x99, 0xB7, 0xC8, 0xC4, 0x8E, 0x7F, 0xF1, 0xB7, 0xDE, 0xB9, 0x2B, 0x7C, 0x47, 0x72, 0xE9, 0x7D,
    0x83, 0x9D, 0xF6, 0x2E, 0x49, 0xBC, 0x2D, 0xBC, 0x71, 0x49, 0x46, 0xE7, 0xEC, 0x0C, 0x05, 0x6F,
    0x74, 0x46, 0x3F, 0xB1, 0x03, 0xF8, 0x9E, 0xEE, 0xA1, 0x92, 0x6E, 0xD1, 0x06, 0x6E, 0x94, 0x5C,
    0x95, 0x81, 0xB6, 0x2C, 0x7C, 0xEB, 0x8D, 0x8E, 0xA2, 0x9A, 0x2F, 0x6A, 0xF3, 0xA3, 0xA3, 0xF5,
    0x42, 0xFD, 0x5D, 0x6D, 0xFD, 0x07, 0x32, 0x0D, 0xFB, 0xBF, 0xD0, 0x03, 0x97, 0x2D, 0xE8, 0x82,
    0x9E, 0x73, 0x84, 0xE7, 0x8B, 0xE1, 0x35, 0x2B, 0xE9, 0x0E, 0xBC, 0xFB, 0x3F, 0x7F, 0xE1, 0x2E,
    0xE0, 0x15, 0x49, 0x53, 0xEF, 0xEF, 0xD9, 0x3E, 0xE2, 0x7A, 0x7E, 0x1A, 0x6A, 0x8D, 0xCC, 0x9C,
    0xFA, 0xCA, 0xBB, 0xAF, 0x5C, 0xE8, 0xFB, 0x24, 0x5F, 0x61, 0xD8, 0xBB, 0x8D, 0xBD, 0x64, 0x74,
    0x78, 0xDF, 0xC4, 0xA4, 0xCB, 0xE3, 0xF7, 0xD7, 0xF3, 0x9F, 0x85, 0xFF, 0x00, 0x9B, 0x4E, 0x66,
    0x7F, 0x78, 0x9C, 0xCD, 0xD1, 0x5F, 0x4E, 0xC2, 0x40, 0x10, 0x06, 0xF0, 0xD9, 0x17, 0x35, 0x29,
    0x48, 0x2F, 0x60, 0xE0, 0x91, 0xC7, 0x72, 0x02, 0x7C, 0x37, 0xC4, 0x2B, 0xD0, 0x03, 0x98, 0x70,
    0x03, 0xBC, 0x01, 0x24, 0x5C, 0xC0, 0x1B, 0xE8, 0x09, 0xD4, 0x13, 0xB0, 0xFA, 0xAA, 0x6F, 0x7A,
    0x00, 0xFC, 0xD3, 0x12, 0x88, 0x85, 0x61, 0xBE, 0x99, 0x6D, 0x9B, 0x86, 0x0B, 0x38, 0x0F, 0x5F,
    0xF6, 0x97, 0x6E, 0xBA, 0x3B, 0xB3, 0x44, 0x44, 0xE3, 0x37, 0x5E, 0xF6, 0xA9, 0xAC, 0x09, 0xA3,
    0xCE, 0x68, 0xCB, 0xEC, 0x89, 0xE2, 0x42, 0xE9, 0x9D, 0xF1, 0x83, 0xAD, 0x2E, 0x8C, 0xBB, 0xC0,
    0x27, 0xE5, 0x9C, 0xCB, 0xDA, 0x83, 0x19, 0x56, 0x37, 0x2E, 0xD5, 0x4D, 0x9E, 0xFE, 0x24, 0xEF,
    0xE5, 0xFF, 0x0F, 0xCA, 0x1E, 0x32, 0xC2, 0x79, 0xF8, 0xEC, 0x6F, 0x41, 0x07, 0xFE, 0x82, 0xCF,
    0x61, 0x2F, 0x11, 0x56, 0xFE, 0x4B, 0xE2, 0xBA, 0xBA, 0x9C, 0xFF, 0x91, 0xE8, 0x2A, 0x2F, 0x41,
    0x9C, 0x73, 0xAE, 0x8C, 0xC1, 0x5C, 0xA2, 0x65, 0xAD, 0x80, 0xEB, 0x63, 0x46, 0x35, 0xF3, 0x26,
    0xB3, 0xE6, 0x66, 0xDC, 0xA5, 0xAD, 0x4A, 0xC0, 0x6F, 0x89, 0x8E, 0x72, 0x0C, 0xBE, 0x48, 0x0C,
    0x95, 0x77, 0x20, 0x62, 0xA6, 0xC4, 0x75, 0x3D, 0xB6, 0xAC, 0x94, 0x1B, 0x6D, 0xDF, 0x86, 0x6A,
    0x7F, 0x12, 0xCA, 0xC0, 0x78, 0x2A, 0xFC, 0x34, 0xA2, 0x25, 0xBE, 0x72, 0x0B, 0x1B, 0x76, 0x78,
    0x83, 0x50, 0x32, 0xE7, 0x22, 0x2C, 0x57, 0xC6, 0xD7, 0xC0, 0x91, 0x31, 0xB6, 0x67, 0xF0, 0x03,
    0x23, 0xE9, 0x30, 0xF9, 0x34, 0x09, 0xA4, 0xF4, 0x9D, 0x1F, 0x4F, 0xA8, 0x22, 0xD5, 0x1D, 0xFD,
    0x4F, 0x1E, 0x00, 0x84, 0xDB, 0x62, 0xFD, 0x78, 0x9C, 0x63, 0x60, 0x00, 0x81, 0x63, 0xFF, 0xD7,
    0xB2, 0x30, 0x7C, 0xFA, 0xFF, 0xFF, 0x3F, 0xF3, 0x06, 0x20, 0x71, 0x9E, 0x11, 0xCC, 0xFC, 0x03,
    0x24, 0xFE, 0x83, 0x99, 0x93, 0x41, 0xAC, 0xFD, 0x60, 0x05, 0xDF, 0x41, 0xCC, 0x7C, 0x30, 0x13,
    0x0C, 0xE4, 0x11, 0x4C, 0x1E, 0x04, 0x93, 0x0D, 0xC2, 0x3C, 0x2F, 0x62, 0xF0, 0x93, 0x11, 0xC2,
    0xE4, 0x66, 0x60, 0x10, 0x60, 0x80, 0x30, 0x99, 0xC0, 0x56, 0x7E, 0x02, 0x1B, 0x09, 0x67, 0xE6,
    0x23, 0x98, 0xF6, 0x08, 0xA6, 0x3C, 0x82, 0xC9, 0x8F, 0x60, 0xF2, 0x21, 0x98, 0xBC, 0x58, 0x99,
    0x3C, 0x83, 0x87, 0x09, 0x00, 0xB3, 0xB8, 0xA7, 0x3C, 0x78, 0x9C, 0x63, 0x60, 0x60, 0x60, 0x68,
    0xB9, 0xFD, 0xEF, 0xFD, 0xB9, 0x4C, 0x46, 0x06, 0x08, 0x78, 0xFE, 0x1F, 0x0C, 0xF6, 0x33, 0x83,
    0x79, 0x97, 0xFE, 0x43, 0x41, 0x3F, 0x88, 0xA7, 0xF0, 0x0F, 0xC6, 0xFD, 0xCF, 0x09, 0xE4, 0x3E,
    0x80, 0xF3, 0xFE, 0xE7, 0x03, 0xB9, 0x3F, 0x10, 0xDC, 0xFF, 0x40, 0xD3, 0x40, 0x6A, 0x3D, 0x19,
    0x05, 0xB6, 0x80, 0xB8, 0x1C, 0x0C, 0x0E, 0x40, 0xD2, 0x1F, 0x64, 0xC6, 0x77, 0x20, 0x83, 0x8F,
    0x21, 0x01, 0x4C, 0x02, 0xC1, 0x06, 0xB0, 0x78, 0x03, 0x90, 0xD4, 0x07, 0x71, 0x1D, 0xCE, 0x75,
    0xB9, 0x31, 0x31, 0x14, 0x00, 0xB9, 0xEF, 0xC5, 0x18, 0x60, 0x20, 0x00, 0x6C, 0x64, 0x36, 0x13,
    0x94, 0x2B, 0x00, 0xB1, 0xE2, 0x7D, 0x16, 0xD4, 0xC9, 0xBF, 0xA1, 0x76, 0xDE, 0xD7, 0x00, 0x73,
    0x3F, 0xC1, 0x1D, 0xE1, 0x03, 0xE2, 0x26, 0x20, 0x1C, 0xA5, 0x03, 0xE2, 0x7F, 0x45, 0xF0, 0x41,
    0x5E, 0x54, 0xF8, 0x05, 0xE7, 0xCA, 0x81, 0x0D, 0x3F, 0x0E, 0xE3, 0xCE, 0x87, 0x98, 0x9E, 0x08,
    0x33, 0x1E, 0xE6, 0x9A, 0x62, 0x88, 0x00, 0x0B, 0xDC, 0x79, 0x60, 0x1F, 0xB2, 0x29, 0xA4, 0xAC,
    0x78, 0xC3, 0x0E, 0xE6, 0xFF, 0x01, 0x71, 0x41, 0xDE, 0xE4, 0x05, 0x73, 0x7F, 0x02, 0x59, 0xAC,
    0x20, 0x47, 0xC5, 0xC3, 0x5D, 0xCB, 0x7C, 0x00, 0x66, 0x3D, 0x28, 0x58, 0xDE, 0x33, 0x18, 0x80,
    0xB8, 0xEB, 0x45, 0x18, 0x82, 0x7E, 0x41, 0x42, 0x1A, 0xE1, 0x26, 0x70, 0x28, 0x5D, 0x40, 0xE2,
    0x02, 0xAD, 0x15, 0xF8, 0x03, 0xE7, 0x81, 0x8D, 0x9C, 0x00, 0xE3, 0xBD, 0x87, 0xB8, 0x69, 0x31,
    0x94, 0x27, 0x0E, 0x75, 0x5F, 0xE0, 0xC9, 0xB7, 0xFF, 0xEF, 0x55, 0x83, 0xE5, 0x00, 0x2C, 0x7C,
    0x16, 0x70, 0x78, 0x9C, 0x63, 0x60, 0x00, 0x82, 0x00, 0x36, 0x06, 0x08, 0x50, 0xF8, 0xCD, 0x01,
    0x65, 0x7D, 0xFF, 0x0F, 0x65, 0x5D, 0xFE, 0x0F, 0x65, 0x4D, 0xFC, 0x0F, 0x63, 0x7D, 0x27, 0x9B,
    0xF5, 0xE9, 0x3F, 0x14, 0x90, 0xC1, 0xA2, 0xC4, 0x5E, 0x7A, 0xB3, 0xBE, 0x01, 0x59, 0x9C, 0x60,
    0xD6, 0x57, 0x20, 0x8B, 0x1B, 0xCC, 0xFA, 0x02, 0x64, 0xE5, 0x0B, 0x4C, 0x05, 0xB2, 0x3E, 0x42,
    0x7C, 0xC4, 0xC8, 0xC0, 0x70, 0x01, 0xC2, 0x62, 0x66, 0x60, 0x28, 0x80, 0xB0, 0x58, 0x81, 0xD2,
    0x7F, 0xC0, 0x2C, 0x50, 0x94, 0x2C, 0x04, 0xB3, 0xC0, 0x46, 0x4E, 0x7E, 0xFB, 0x7F, 0x9F, 0x07,
    0x03, 0x00, 0x0B, 0x32, 0xCB, 0x53, 0x78, 0x9C, 0xFB, 0xFF, 0xFF, 0xFF, 0x7F, 0x06, 0x10, 0x98,
    0x00, 0x64, 0xC4, 0xFF, 0x1F, 0x4E, 0xBC, 0x05, 0x78, 0x78, 0x1B, 0xF0, 0xF0, 0x0E, 0xC0, 0x78,
    0x8C, 0x20, 0xDE, 0x03, 0x18, 0x8F, 0x09, 0xC4, 0xFB, 0x08, 0xE2, 0xFD, 0x05, 0x12, 0xAC, 0x20,
    0xDE, 0x77, 0x10, 0xEF, 0x0F, 0x90, 0xE0, 0x06, 0x72, 0x14, 0x40, 0x8A, 0xE2, 0x7F, 0x02, 0x89,
    0x7C, 0x20, 0xEF, 0x12, 0x98, 0xF7, 0x15, 0x44, 0x5A, 0x32, 0x34, 0xFF, 0x07, 0xF3, 0x3E, 0xFC,
    0x87, 0x82, 0xF7, 0x20, 0x5E, 0x03, 0x8C, 0xE7, 0x0F, 0xE2, 0x31, 0xFC, 0x85, 0xF2, 0x58, 0xC0,
    0xBC, 0x8B, 0x10, 0x8E, 0x2D, 0x03, 0x98, 0xC7, 0x00, 0x32, 0xF5, 0x7F, 0x3F, 0x03, 0x94, 0x27,
    0xB0, 0xFD, 0xDF, 0xFB, 0x6C, 0xB0, 0xE3, 0x18, 0x18, 0x00, 0xF4, 0x47, 0x0F, 0xBE, 0x78, 0x9C,
    0x4D, 0x91, 0xEB, 0x15, 0xC1, 0x50, 0x10, 0x84, 0xD7, 0x3B, 0x1E, 0x09, 0x1D, 0xD0, 0x01, 0x1D,
    0xD0, 0x01, 0x1D, 0xD0, 0x81, 0x74, 0x10, 0x25, 0xE8, 0x80, 0x0E, 0xE8, 0x80, 0x0E, 0xA2, 0x03,
    0x3A, 0xF0, 0x3E, 0xE2, 0x19, 0x3B, 0x77, 0x72, 0xC5, 0xFE, 0xD8, 0x3B, 0x5F, 0xB2, 0x67, 0xEE,
    0x64, 0x73, 0x8B, 0xE3, 0xD8, 0x15, 0x53, 0x1B, 0x95, 0xC3, 0xA3, 0xB6, 0x2E, 0xF9, 0xA4, 0xD2,
    0x5B, 0x6A, 0x9B, 0x91, 0x23, 0x95, 0xE5, 0x81, 0xB6, 0x3D, 0xF9, 0xA3, 0x32, 0x67, 0x7A, 0x1E,
    0xD8, 0x53, 0x11, 0x72, 0xAA, 0x02, 0x9E, 0xAB, 0x18, 0xD3, 0xA5, 0x0E, 0x3E, 0xA8, 0x68, 0x8A,
    0xAC, 0x71, 0x0B, 0xF8, 0xCA, 0x41, 0x18, 0xAE, 0xC0, 0xCF, 0xC4, 0x08, 0x86, 0x19, 0x91, 0x86,
    0x1E, 0x5B, 0x3C, 0xBF, 0xAB, 0x28, 0x8A, 0x8C, 0xF4, 0x08, 0xC0, 0x67, 0x15, 0x35, 0xFA, 0x34,
    0xC1, 0x10, 0x6D, 0xDE, 0x53, 0x05, 0x27, 0x83, 0xC8, 0x51, 0x30, 0x39, 0x69, 0xF4, 0xFE, 0xE5,
    0x7E, 0x20, 0x77, 0x27, 0xFD, 0x2E, 0x18, 0x3A, 0x53, 0xBA, 0xD8, 0x3D, 0xB8, 0x3B, 0xDE, 0x82,
    0xF2, 0xF1, 0xEA, 0xCC, 0x14, 0x28, 0x24, 0x0B, 0x22, 0xA6, 0xB4, 0x86, 0xA1, 0xDA, 0x2F, 0x12,
    0x94, 0x4B, 0x6C, 0xAA, 0x6F, 0x79, 0x47, 0x76, 0x2D, 0xFB, 0xE4, 0x92, 0xE5, 0x06, 0xD9, 0xDA,
    0x71, 0x15, 0x5C, 0x0A, 0x0B, 0xAB, 0xE2, 0xD2, 0xFE, 0x0C, 0xBD, 0x94, 0x27, 0x60, 0x27, 0xE5,
    0x16, 0x38, 0x9B, 0xB2, 0xBC, 0xCC, 0xAF, 0x41, 0x7D, 0x01, 0x44, 0xDB, 0xDC, 0xF3, 0x78, 0x9C,
    0x3D, 0x52, 0x8B, 0x55, 0x02, 0x31, 0x10, 0x5C, 0x14, 0x94, 0x13, 0x10, 0x3B, 0xC0, 0x0E, 0xB4,
    0x03, 0x29, 0x81, 0x0E, 0xB4, 0x03, 0x4B, 0xC0, 0x0E, 0xBC, 0x0E, 0xB0, 0x03, 0xE8, 0x00, 0x3B,
    0x80, 0x0E, 0xB4, 0x03, 0x4E, 0x7E, 0xF7, 0x40, 0x34, 0xCE, 0xCC, 0x66, 0xBD, 0xF7, 0x48, 0x66,
    0x26, 0x24, 0x3B, 0x3B, 0xC9, 0x21, 0xA5, 0xD4, 0x30, 0x7C, 0x3B, 0x80, 0x82, 0xE0, 0x13, 0xE0,
    0x7A, 0x8B, 0xE1, 0x82, 0xEC, 0x00, 0xD0, 0x23, 0xD8, 0x00, 0x5C, 0x55, 0x1C, 0xC8, 0x7E, 0x00,
    0x06, 0x04, 0x35, 0x40, 0xEB, 0x0D, 0x43, 0x1F, 0xE4, 0x06, 0x73, 0x7A, 0xA4, 0x7C, 0x02, 0xB0,
    0x11, 0x86, 0x07, 0x10, 0xCE, 0x69, 0x42, 0x19, 0xF3, 0x5C, 0xFF, 0x7A, 0x05, 0x29, 0x29, 0x7F,
    0xE4, 0xF5, 0x67, 0xED, 0x59, 0x80, 0x2D, 0x29, 0xD3, 0x53, 0xE9, 0x35, 0x6A, 0x67, 0x5F, 0x92,
    0x5B, 0xEE, 0xAF, 0x6B, 0xB6, 0x76, 0xB6, 0x93, 0x5C, 0x38, 0xBF, 0xF4, 0xDD, 0x85, 0xDB, 0x96,
    0x71, 0xEE, 0x3E, 0x33, 0x7B, 0x61, 0x53, 0x6E, 0x5B, 0x87, 0x7E, 0x7B, 0xE5, 0x7B, 0xB0, 0x3B,
    0x19, 0x3A, 0xC9, 0x78, 0x76, 0x66, 0xBF, 0x29, 0x8D, 0xED, 0x09, 0x6C, 0x4B, 0xE3, 0xC3, 0xDC,
    0x07, 0x4F, 0x9D, 0x1B, 0x9B, 0x7D, 0xE7, 0xF6, 0xD2, 0xCF, 0x34, 0x63, 0x58, 0xB4, 0x35, 0x67,
    0x95, 0xC6, 0x32, 0x82, 0x64, 0x58, 0x4D, 0xD8, 0x1A, 0x0F, 0x33, 0x48, 0x4D, 0xCA, 0x33, 0xAE,
    0xEF, 0x79, 0x22, 0x40, 0x1B, 0x60, 0x45, 0x55, 0xD5, 0x7A, 0x47, 0x9E, 0x08, 0x6F, 0x5D, 0xFC,
    0xA6, 0x92, 0xE9, 0x6D, 0x00, 0x3B, 0x1D, 0x76, 0x32, 0x88, 0x78, 0x15, 0xD6, 0x44, 0x77, 0xB4,
    0x71, 0xD0, 0x77, 0xB9, 0x56, 0x83, 0xE8, 0xB8, 0x72, 0xD0, 0x71, 0x79, 0x2D, 0xB2, 0xF2, 0xE2,
    0x71, 0xB5, 0x11, 0xF5, 0xD4, 0x8B, 0xC7, 0x43, 0xF0, 0xB0, 0x74, 0x23, 0xB7, 0x02, 0x0B, 0x57,
    0x15, 0x16, 0xE3, 0x52, 0x3C, 0x0C, 0x28, 0x7F, 0x62, 0x0C, 0xE2, 0x18, 0xEB, 0x16, 0x2F, 0x47,
    0x8F, 0x65, 0x9F, 0xE2, 0x0D, 0x45, 0x58, 0xAA, 0x2F, 0x4F, 0xED, 0x90, 0x2B, 0xB7, 0x9D, 0x3D,
    0x9D, 0x87, 0x3C, 0x4B, 0x39, 0x9F, 0x32, 0xC0, 0x7F, 0x58, 0xCA, 0x67, 0x14, 0x2F, 0xCB, 0xFE,
    0x00, 0x91, 0x5A, 0x80, 0xFB, 0x78, 0x9C, 0x55, 0x90, 0x6B, 0x0D, 0xC2, 0x40, 0x10, 0x84, 0x87,
    0x77, 0x29, 0x90, 0xA0, 0x80, 0xE0, 0x00, 0x1C, 0x14, 0x07, 0xC5, 0x01, 0x12, 0xC0, 0x01, 0x48,
    0xC0, 0x01, 0x38, 0x00, 0x07, 0xE0, 0xA0, 0x38, 0x68, 0x50, 0xD0, 0x84, 0x57, 0x09, 0xE1, 0x75,
    0xB3, 0x7B, 0x77, 0xD0, 0xFD, 0xD1, 0x9B, 0xAF, 0x37, 0xB3, 0xD9, 0xDB, 0xC3, 0xC7, 0x54, 0x1B,
    0xA6, 0x0E, 0x54, 0xF5, 0x21, 0xBF, 0x53, 0xF2, 0xDD, 0x88, 0x1D, 0x90, 0xF3, 0x47, 0x09, 0x90,
    0x8B, 0x1E, 0xB0, 0xE7, 0x19, 0x5A, 0x7B, 0x0D, 0xE8, 0xF3, 0x8C, 0xD5, 0xBE, 0x61, 0xEE, 0x66,
    0x44, 0xE6, 0xED, 0xC0, 0x96, 0x2A, 0x10, 0x7B, 0x95, 0xDC, 0x7D, 0x1B, 0x15, 0xB1, 0xED, 0x0A,
    0x52, 0x57, 0x23, 0x53, 0x5E, 0x77, 0x94, 0xD7, 0x1F, 0x5B, 0x15, 0x65, 0xBC, 0x15, 0xE7, 0x16,
    0x71, 0x51, 0x6E, 0x3B, 0x5E, 0x2A, 0x97, 0x1D, 0xE3, 0xE5, 0x1F, 0xA1, 0x75, 0x2E, 0xD8, 0x81,
    0x13, 0x79, 0xF0, 0xE3, 0x27, 0x39, 0xF1, 0x38, 0xD3, 0x7E, 0x41, 0x21, 0x6E, 0x66, 0x2E, 0xB4,
    0x37, 0x33, 0x5B, 0x5C, 0xB8, 0x79, 0x83, 0x9F, 0x3D, 0xF9, 0x0B, 0xD0, 0x3E, 0xC8, 0x7D, 0x40,
    0xA6, 0x6D, 0xC8, 0x1A, 0x9B, 0xCE, 0x9E, 0xEA, 0xBE, 0x62, 0x67, 0x8F, 0x74, 0x9F, 0x59, 0xC9,
    0xDA, 0x03, 0xBB, 0xEF, 0x50, 0x1F, 0xCF, 0x46, 0x23, 0xF2, 0x44, 0xB7, 0x29, 0xB9, 0x87, 0x04,
    0xD6, 0xBE, 0xEF, 0x91, 0xAA, 0x75, 0xB5, 0x6D, 0x80, 0xB1, 0x2C, 0xE5, 0x0B, 0x74, 0x6C, 0x01,
    0x1D, 0x78, 0x9C, 0x55, 0x92, 0xDD, 0x55, 0x02, 0x41, 0x0C, 0x85, 0x07, 0x59, 0x14, 0x39, 0xFC,
    0x75, 0x40, 0x09, 0x72, 0x0E, 0x05, 0xA8, 0x15, 0x68, 0x07, 0xD8, 0x81, 0x76, 0x20, 0xEF, 0x3E,
    0xB8, 0x1D, 0xAC, 0x1D, 0x68, 0x07, 0xD2, 0x01, 0x76, 0x20, 0x05, 0x78, 0xCE, 0xAA, 0x08, 0xFE,
    0x1B, 0x73, 0x73, 0x27, 0x3B, 0x6C, 0x1E, 0x92, 0x7C, 0x3B, 0x3B, 0x37, 0x99, 0xCC, 0x6C, 0x44,
    0x64, 0x10, 0xCC, 0x5E, 0x34, 0x3D, 0x80, 0x9B, 0x92, 0x37, 0x9A, 0x76, 0xEF, 0xD4, 0xDD, 0x92,
    0xBF, 0x35, 0xDD, 0x3B, 0x55, 0x27, 0x86, 0x43, 0x64, 0x8D, 0xF0, 0xA7, 0xBE, 0x05, 0xC6, 0xCA,
    0x7D, 0x08, 0x9F, 0x1A, 0x3A, 0xE0, 0x1B, 0x2A, 0xAD, 0xBC, 0xC0, 0x33, 0x93, 0x07, 0x2F, 0xB0,
    0xE6, 0x8F, 0x17, 0x5E, 0xE0, 0x4B, 0x93, 0x2C, 0xCA, 0x82, 0x55, 0xB8, 0xF4, 0xB2, 0xFA, 0xFD,
    0x48, 0x43, 0xB1, 0xB5, 0x2F, 0xD7, 0x70, 0xE8, 0xBA, 0xFD, 0x10, 0x96, 0x0C, 0x5C, 0x38, 0x61,
    0xDD, 0x36, 0x38, 0x6E, 0xFC, 0xD0, 0xB0, 0x13, 0x92, 0xF0, 0xAF, 0xC8, 0x23, 0xCF, 0x85, 0x95,
    0x6C, 0xAC, 0xEE, 0x92, 0xFC, 0xAA, 0xE9, 0xFE, 0x4C, 0xDD, 0x88, 0x3C, 0x87, 0x32, 0xDA, 0xEE,
    0x92, 0xCF, 0x50, 0x00, 0x3F, 0xED, 0x86, 0x6A, 0x10, 0xC5, 0xBB, 0x0D, 0x83, 0xA6, 0x27, 0x29,
    0x7F, 0x6C, 0x18, 0xB4, 0x37, 0x31, 0x9B, 0x3A, 0x2F, 0xC9, 0x03, 0xE7, 0x19, 0xB9, 0xE3, 0x3C,
    0x26, 0x67, 0xCE, 0xE8, 0x35, 0x0E, 0x83, 0x86, 0x62, 0x72, 0x9D, 0x18, 0x97, 0xC6, 0x61, 0xD0,
    0x70, 0x69, 0xD2, 0x4B, 0x6C, 0x97, 0xD6, 0x4E, 0x8C, 0x91, 0x48, 0x33, 0x71, 0x5E, 0x97, 0xB7,
    0x06, 0x8B, 0x2D, 0x5E, 0xD7, 0xE5, 0xAD, 0x9F, 0x7E, 0x7D, 0x7B, 0x25, 0x3F, 0x69, 0x1C, 0xE3,
    0xC6, 0xE2, 0xAC, 0xF9, 0x1E, 0xD2, 0x1B, 0x8A, 0xBD, 0x57, 0xB3, 0xA5, 0xB6, 0x3F, 0x21, 0xD8,
    0xCA, 0xF0, 0xBC, 0x7E, 0xB6, 0x45, 0x6A, 0x36, 0x7F, 0x92, 0xF2, 0x2A, 0xE1, 0x3F, 0x89, 0x01,
    0x27, 0xD0, 0x78, 0x9C, 0x63, 0xF8, 0x8F, 0x04, 0xF8, 0x19, 0xA8, 0xC1, 0xE3, 0x60, 0x80, 0x00,
    0x85, 0x7F, 0x40, 0xCE, 0x79, 0x28, 0x87, 0xE1, 0x02, 0x48, 0x4A, 0x0E, 0xC6, 0xFB, 0x0D, 0xE2,
    0xB1, 0x40, 0x39, 0x05, 0x20, 0x4E, 0x3D, 0x4C, 0xEA, 0x0B, 0x88, 0xC7, 0x0D, 0xE5, 0x08, 0x80,
    0xCC, 0x78, 0xCF, 0x08, 0xE5, 0x1D, 0x00, 0x49, 0xD9, 0xC3, 0x14, 0xFE, 0x00, 0xF1, 0xD8, 0xA0,
    0x1C, 0x07, 0x10, 0x67, 0x3D, 0x4C, 0xEA, 0x11, 0x88, 0xC7, 0x0B, 0xE3, 0xFD, 0x01, 0xF1, 0x98,
    0xA0, 0x9C, 0x09, 0x20, 0x4E, 0x3C, 0x4C, 0xEA, 0x2B, 0x88, 0xC7, 0x09, 0x73, 0xF0, 0x7F, 0x0C,
    0x07, 0xEB, 0xC1, 0x78, 0x3F, 0x91, 0x1D, 0x9C, 0x00, 0xE2, 0xE4, 0xC3, 0xA4, 0x3E, 0x21, 0x9B,
    0xC1, 0xF0, 0x17, 0xD9, 0x8C, 0x05, 0xC8, 0xE1, 0x72, 0xFF, 0x03, 0x55, 0x78, 0x00, 0xFC, 0x9B,
    0xF8, 0x11, 0x78, 0x9C, 0x75, 0xD1, 0x3F, 0x12, 0xC1, 0x40, 0x14, 0x06, 0xF0, 0x2F, 0x82, 0x02,
    0x45, 0x66, 0xE8, 0x1D, 0x85, 0x23, 0xB8, 0x01, 0x37, 0x70, 0x08, 0x7A, 0x29, 0x72, 0x00, 0x37,
    0x70, 0x04, 0x0A, 0x7D, 0x34, 0x2A, 0x66, 0x64, 0x5C, 0xC0, 0xBF, 0x30, 0x14, 0x3C, 0x6F, 0xFF,
    0x64, 0x1F, 0x12, 0xDB, 0xEC, 0x6F, 0xB6, 0x78, 0xFB, 0xED, 0xB7, 0x80, 0x5A, 0xD1, 0x96, 0xC8,
    0xD3, 0x5A, 0x13, 0x59, 0x86, 0xE4, 0x78, 0x13, 0x92, 0x63, 0x4F, 0x38, 0x15, 0xAE, 0x78, 0x9F,
    0x35, 0xF5, 0xA8, 0x84, 0x59, 0xD7, 0xC2, 0x91, 0x59, 0x15, 0x96, 0x0D, 0x4F, 0x7F, 0xE9, 0x0B,
    0x4B, 0x39, 0x9E, 0xB3, 0x2C, 0xC0, 0x85, 0x69, 0x84, 0xAB, 0xF0, 0x4E, 0xB4, 0xB3, 0x7C, 0x12,
    0xCD, 0x8D, 0x54, 0xDC, 0x89, 0xE1, 0x9E, 0xD9, 0x51, 0x08, 0x46, 0x2A, 0x76, 0x43, 0x31, 0xD5,
    0x2F, 0xF0, 0x1D, 0x87, 0x70, 0xAC, 0x38, 0xF6, 0x51, 0x74, 0x6A, 0x8F, 0xCD, 0x04, 0x9D, 0x31,
    0x88, 0x14, 0x6B, 0x92, 0xB1, 0x6D, 0x38, 0x70, 0x83, 0x81, 0x17, 0xF7, 0x64, 0xF9, 0x20, 0x8A,
    0x2D, 0xB9, 0xE9, 0x03, 0xE4, 0x16, 0xC8, 0x08, 0x2F, 0xF7, 0xF8, 0xE2, 0x76, 0x7E, 0xEA, 0xFB,
    0xA0, 0xED, 0xF7, 0xF8, 0x4D, 0xFB, 0x2D, 0x49, 0x56, 0x04, 0xB0, 0x60, 0xC6, 0x2D, 0xCD, 0x50,
    0x3E, 0xB6, 0x2B, 0x54, 0xD9, 0x33, 0xA6, 0xC2, 0x81, 0x10, 0x4B, 0x21, 0xC6, 0x1B, 0xE6, 0x1B,
    0x6C, 0x5B, 0xFD, 0x69, 0x78, 0x9C, 0xFB, 0xF0, 0xFF, 0xBF, 0xFF, 0x87, 0x61, 0x88, 0x01, 0x55,
    0x36, 0xAE, 0xDF, 0x78, 0x9C, 0x6D, 0xD1, 0xCF, 0x11, 0xC1, 0x50, 0x10, 0x06, 0xF0, 0x65, 0x9C,
    0x38, 0x48, 0x01, 0x66, 0x50, 0x81, 0x51, 0x01, 0x1D, 0xB8, 0x73, 0xE0, 0xEC, 0x42, 0x05, 0x52,
    0x42, 0x4A, 0x48, 0x09, 0x74, 0xA0, 0x83, 0x8C, 0x0E, 0x4C, 0x34, 0x60, 0x18, 0xC3, 0x10, 0xCF,
    0xDA, 0xF7, 0x27, 0x9F, 0x78, 0x49, 0x4E, 0xBF, 0x49, 0x26, 0xBB, 0xDF, 0xEE, 0x66, 0x9C, 0x2C,
    0xC9, 0x3C, 0x19, 0x33, 0x47, 0x10, 0x77, 0xA0, 0x2D, 0xC4, 0x0D, 0xA8, 0x09, 0xB5, 0xF5, 0xE7,
    0xFE, 0x43, 0x34, 0x30, 0x7F, 0x2F, 0x44, 0x13, 0xA3, 0x40, 0x34, 0xB7, 0xC5, 0x45, 0x2B, 0x5F,
    0x9F, 0xA2, 0x42, 0x2B, 0x55, 0xA1, 0x77, 0x9E, 0x4B, 0x37, 0x8C, 0xAD, 0x5E, 0x2E, 0x16, 0xD1,
    0x93, 0xF9, 0x68, 0x75, 0x97, 0xD2, 0x75, 0xA3, 0xAB, 0x0B, 0x48, 0x74, 0x40, 0xBB, 0xB5, 0xCE,
    0x3A, 0xAB, 0xB9, 0xD2, 0xEE, 0xF7, 0x13, 0xD4, 0x53, 0xB9, 0x28, 0x2D, 0xBF, 0x4B, 0xFF, 0xF7,
    0xA0, 0x35, 0x46, 0xBD, 0x1D, 0xE7, 0x51, 0x2F, 0xA2, 0x96, 0xD1, 0xCD, 0x2D, 0x8B, 0x48, 0x16,
    0x73, 0x46, 0xD2, 0x3D, 0xD2, 0xC7, 0x98, 0x28, 0xC2, 0x94, 0xA1, 0x2F, 0x55, 0xBD, 0xAB, 0x92,
    0xB0, 0xE7, 0x00, 0xBB, 0xD7, 0xE3, 0x8E, 0x34, 0x86, 0xD2, 0x96, 0xBB, 0x54, 0xBC, 0x96, 0x7F,
    0x41, 0x5C, 0xF5, 0x37, 0x21, 0xAE, 0xBF, 0x71, 0x31, 0x93, 0xA9, 0x6D, 0xF5, 0x05, 0xAE, 0x8C,
    0xEF, 0x98, 0x78, 0x9C, 0x63, 0x60, 0x30, 0x38, 0xF9, 0xEF, 0x5E, 0x24, 0x03, 0x14, 0x70, 0x30,
    0x18, 0xFC, 0xF9, 0x0F, 0x04, 0xF3, 0x99, 0xC1, 0xDC, 0x05, 0xFC, 0x0C, 0xDF, 0xFF, 0x83, 0xC1,
    0x79, 0x36, 0x20, 0xD7, 0xE1, 0x2F, 0xFF, 0x84, 0xFF, 0x30, 0x10, 0xC5, 0x58, 0xF4, 0xE7, 0x3F,
    0xFF, 0xC7, 0xFF, 0x28, 0x80, 0x08, 0xFE, 0x7E, 0x55, 0x81, 0xE2, 0x3F, 0x30, 0x3E, 0xFB, 0xC7,
    0xF3, 0x4C, 0x40, 0x83, 0x15, 0x5E, 0x42, 0xB8, 0x71, 0x0C, 0x1F, 0x39, 0x20, 0x0E, 0xB9, 0x06,
    0xE2, 0xAE, 0x67, 0x64, 0x28, 0x84, 0xB9, 0x6C, 0xF2, 0x9F, 0xF7, 0x3D, 0x40, 0xA5, 0x00, 0x38,
    0x8A, 0x6B, 0x63,
};
// GlyphProps[width, height, advance_x, left, top, compressed_size, data_offset, code_point]
const EpdGlyph ArialBold28_Glyphs[] = {
    { 0, 0, 16, 0, 0, 8, 0 }, // ' '
    { 9, 42, 19, 5, 42, 113, 8 }, // '!'
    { 22, 15, 28, 3, 42, 88, 121 }, // '"'
    { 32, 42, 32, 0, 42, 234, 209 }, // '#'
    { 29, 51, 32, 1, 45, 306, 443 }, // '$'
    { 47, 45, 52, 2, 43, 369, 749 }, // '%'
    { 39, 44, 42, 2, 43, 365, 1118 }, // '&'
    { 10, 15, 14, 2, 42, 46, 1483 }, // '''
    { 15, 54, 19, 3, 42, 204, 1529 }, // '('
    { 16, 54, 19, 1, 42, 207, 1733 }, // ')'
    { 22, 19, 23, 0, 42, 151, 1940 }, // '*'
    { 30, 29, 34, 2, 35, 34, 2091 }, // '+'
    { 9, 18, 16, 3, 8, 66, 2125 }, // ','
    { 16, 7, 19, 3, 18, 16, 2191 }, // '-'
    { 9, 8, 16, 4, 8, 16, 2207 }, // '.'
    { 18, 42, 16, -1, 42, 153, 2223 }, // '/'
    { 28, 43, 32, 2, 42, 241, 2376 }, // '0'
    { 19, 42, 32, 4, 42, 90, 2617 }, // '1'
    { 29, 42, 32, 1, 42, 243, 2707 }, // '2'
    { 28, 43, 32, 2, 42, 287, 2950 }, // '3'
    { 30, 41, 32, 1, 41, 144, 3237 }, // '4'
    { 29, 42, 32, 2, 41, 255, 3381 }, // '5'
    { 29, 43, 32, 2, 42, 309, 3636 }, // '6'
    { 28, 41, 32, 2, 41, 176, 3945 }, // '7'
    { 28, 43, 32, 2, 42, 291, 4121 }, // '8'
    { 29, 43, 32, 1, 42, 308, 4412 }, // '9'
    { 9, 31, 19, 5, 31, 23, 4720 }, // ':'
    { 10, 41, 19, 4, 31, 70, 4743 }, // ';'
    { 30, 32, 34, 2, 37, 170, 4813 }, // '<'
    { 30, 19, 34, 2, 31, 24, 4983 }, // '='
    { 30, 32, 34, 2, 37, 167, 5007 }, // '>'
    { 30, 43, 35, 3, 43, 213, 5174 }, // '?'
    { 56, 57, 57, 1, 43, 674, 5387 }, // '@'
    { 42, 42, 42, 0, 42, 286, 6061 }, // 'A'
    { 36, 42, 42, 4, 42, 212, 6347 }, // 'B'
    { 37, 43, 42, 2, 43, 306, 6559 }, // 'C'
    { 35, 42, 42, 4, 42, 202, 6865 }, // 'D'
    { 32, 42, 39, 4, 42, 37, 7067 }, // 'E'
    { 29, 42, 35, 4, 42, 31, 7104 }, // 'F'
    { 40, 44, 45, 2, 43, 328, 7135 }, // 'G'
    { 34, 42, 42, 4, 42, 34, 7463 }, // 'H'
    { 10, 42, 16, 3, 42, 17, 7497 }, // 'I'
    { 28, 43, 32, 0, 42, 130, 7514 }, // 'J'
    { 38, 42, 42, 4, 42, 240, 7644 }, // 'K'
    { 30, 42, 35, 4, 42, 26, 7884 }, // 'L'
    { 41, 42, 48, 4, 42, 291, 7910 }, // 'M'
    { 34, 42, 42, 4, 42, 187, 8201 }, // 'N'
    { 41, 44, 45, 2, 43, 338, 8388 }, // 'O'
    { 33, 42, 39, 4, 42, 141, 8726 }, // 'P'
    { 43, 47, 45, 2, 43, 379, 8867 }, // 'Q'
    { 38, 42, 42, 4, 42, 224, 9246 }, // 'R'
    { 34, 44, 39, 2, 43, 329, 9470 }, // 'S'
    { 34, 42, 35, 1, 42, 31, 9799 }, // 'T'
    { 34, 43, 42, 4, 42, 160, 9830 }, // 'U'
    { 40, 42, 39, -1, 42, 292, 9990 }, // 'V'
    { 55, 42, 55, 0, 42, 455, 10282 }, // 'W'
    { 39, 42, 39, 0, 42, 288, 10737 }, // 'X'
    { 40, 42, 39, -1, 42, 218, 11025 }, // 'Y'
    { 35, 42, 35, 0, 42, 162, 11243 }, // 'Z'
    { 15, 54, 19, 4, 42, 26, 11405 }, // '['
    { 18, 42, 16, -1, 42, 146, 11431 }, // '<backslash>'
    { 15, 54, 19, 1, 42, 28, 11577 }, // ']'
    { 28, 22, 34, 3, 42, 169, 11605 }, // '^'
    { 34, 6, 32, -1, -5, 16, 11774 }, // '_'
    { 29, 33, 32, 2, 32, 246, 11790 }, // 'a'
    { 31, 43, 35, 3, 42, 234, 12036 }, // 'b'
    { 29, 33, 32, 2, 32, 233, 12270 }, // 'c'
    { 30, 43, 35, 2, 42, 229, 12503 }, // 'd'
    { 30, 33, 32, 1, 32, 243, 12732 }, // 'e'
    { 22, 43, 19, 0, 43, 91, 12975 }, // 'f'
    { 30, 45, 35, 2, 32, 301, 13066 }, // 'g'
    { 28, 42, 35, 4, 42, 126, 13367 }, // 'h'
    { 9, 42, 16, 4, 42, 23, 13493 }, // 'i'
    { 15, 55, 16, -3, 42, 85, 13516 }, // 'j'
    { 29, 42, 32, 3, 42, 189, 13601 }, // 'k'
    { 9, 42, 16, 4, 42, 17, 13790 }, // 'l'
    { 45, 32, 52, 3, 32, 189, 13807 }, // 'm'
    { 28, 32, 35, 4, 32, 126, 13996 }, // 'n'
    { 32, 33, 35, 2, 32, 228, 14122 }, // 'o'
    { 31, 44, 35, 3, 32, 243, 14350 }, // 'p'
    { 30, 44, 35, 2, 32, 246, 14593 }, // 'q'
    { 21, 32, 23, 3, 32, 98, 14839 }, // 'r'
    { 29, 33, 32, 1, 32, 249, 14937 }, // 's'
    { 19, 43, 19, 0, 42, 100, 15186 }, // 't'
    { 28, 32, 35, 4, 31, 120, 15286 }, // 'u'
    { 32, 31, 32, 0, 31, 224, 15406 }, // 'v'
    { 46, 31, 45, 0, 31, 327, 15630 }, // 'w'
    { 32, 31, 32, 0, 31, 220, 15957 }, // 'x'
    { 32, 44, 32, 0, 31, 289, 16177 }, // 'y'
    { 28, 31, 29, 0, 31, 128, 16466 }, // 'z'
    { 21, 56, 23, 1, 43, 210, 16594 }, // '{'
    { 8, 54, 16, 4, 42, 15, 16804 }, // '|'
    { 20, 56, 23, 1, 43, 207, 16819 }, // '}'
    { 31, 11, 34, 1, 26, 97, 17026 }, // '~'
};
const EpdUnicodeInterval ArialBold28_Intervals[] = {
    { 0x20, 0x5F, 0x0 },
    { 0x61, 0x7E, 0x40 },
};
const EpdFont ArialBold28 = {
    ArialBold28_Bitmaps, // (*bitmap) Glyph bitmap pointer, all concatenated together
    ArialBold28_Glyphs, // glyphs Glyph array
    ArialBold28_Intervals, // intervals Valid unicode intervals for this font
    2,   // interval_count Number of unicode intervals.intervals
    1, // compressed Does this font use compressed glyph bitmaps?
    67, // advance_y Newline distance (y axis)
    53, // ascender Maximal height of a glyph above the base line
    -13, // descender Maximal height of a glyph below the base line
};
/*
Included intervals
    ( 32, 95), ie. ' ' -  '_'
    ( 97, 126), ie. 'a' -  '~'

*/
